"id","name","price","brand","category"
"4051","Apc Back-Ups 650VA","12000","APC","Computers & Computer Accessories > External Hard Disks"
"3473","Asus X515 Celeron 4GB/256SSD/15.6 Laptop","39000","Asus","Laptops"
"3475","Asus X543U Core I5 8GB1TB15.6WIN 10 Laptop","63000","Asus","Laptops"
"5559","Brother BT-D60 BK Black High Yield Ink Bottle","1700","Brother","Brother Toners"
"5561","Brother BT5000C BT5000Y BT5000M Inks Each","1700","Brother","Brother Toners"
"5560","Brother BT6000BK Ink Bottle Black","1700","Brother","Brother Toners"
"5558","Brother DR-2305 Drum Unit","3500","Brother","Brother Toners"
"5357","Brother LC3717 Black Ink Cartridges","3000","Brother","Brother Inks Cartridges"
"5356","Brother LC3717C Cyan Ink Cartridges","3000","Brother","Brother Inks Cartridges"
"5355","Brother LC3717M Magneta Ink Cartridges","3000","Brother","Brother Inks Cartridges"
"5354","Brother LC3717Y Yellow Ink Cartridges","3000","Brother","Brother Inks Cartridges"
"5353","Brother LC3719XL Black Ink Cartridges","3000","Brother","Brother Inks Cartridges"
"5352","Brother LC3719XL Cyan Ink Cartridges","3000","Brother","Brother Inks Cartridges"
"5351","Brother LC3719XL Magenta Ink Cartridges","3000","Brother","Brother Inks Cartridges"
"5350","Brother LC3719XL Yellow Ink Cartridges","3000","Brother","Brother Inks Cartridges"
"4967","Brother TN-1000 Black Toner Cartridge","2500","Brother","Brother Toners"
"5557","Brother TN-2130 Black Toner Cartridge","3500","Brother","Brother Toners"
"4968","Brother TN-2280 Black Toner Cartridge","3500","Brother","Brother Toners"
"4969","Brother TN-2305 Black Toner Cartridge","3500","Brother","Brother Toners"
"4395","Brother TN-2350 Black Toner Cartridge","11000","Brother","Inks & Toner Cartridges"
"5556","Brother TN-2355 Black Toner Cartridge","2500","Brother","Brother Toners"
"5555","Brother TN-2405 Black Toner Cartridge","3500","Brother","Brother Toners"
"5554","Brother TN-261 Toners CMYK Cartridges Each","4000","Brother","Brother Toners"
"5553","Brother TN-273 Black Toner Cartridge","4000","Brother","Brother Toners"
"5552","Brother TN-273 Color Toner Cartridges Each","4000","Brother","Brother Toners"
"5551","Brother TN-277 Color Toner Cartridges Each","4000","Brother","Brother Toners"
"5550","Brother TN-277BK Black Original Toner Cartridge","4000","Brother","Brother Toners"
"5549","Brother TN-3145 Black Toner Cartridge","4000","Brother","Brother Toners"
"5548","Brother TN-3250 Black Toner Cartridge","3500","Brother","Brother Toners"
"5547","Brother TN-3290 Black Toner Cartridge","3500","Brother","Brother Toners"
"5546","Brother TN-3350 Black Toner Cartridge","3500","Brother","Brother Toners"
"4403","Brother TN-3350 Toner Cartridge","13000","Brother","Inks & Toner Cartridges"
"5545","Brother TN-3437 Black Toner High Capacity","3500","Brother","Brother Toners"
"5544","Compatible Brother TN-2355 ~ DR-2305 Black Toner","2500","Brother","Brother Toners"
"5520","Canon 045 Cym Toner Cartridges Each","3000","Canon","Canon Toners"
"5519","Canon 045BK Black Toner Cartridge","3000","Canon","Canon Toners"
"5518","Canon 718 Black Original Laser Toner Cartridge","4000","Canon","Canon Toners"
"5517","Canon 718 Cyan Original Laser Toner Cartridge","4000","Canon","Canon Toners"
"5516","Canon 718 Magenta Original Laser Toner Cartridge","4000","Canon","Canon Toners"
"5515","Canon 719 Black Original Laser Toner Cartridge","4000","Canon","Canon Toners"
"5514","Canon 719 Yellow Original Laser Toner Cartridge","4000","Canon","Canon Toners"
"5509","Canon C-EXV12 Black Original Laser Toner Cartridge","3000","Canon","Canon Toners"
"5508","Canon C-EXV14 Black Original Laser Toner Cartridge","5000","Canon","Canon Toners"
"5506","Canon C-EXV49 Toner Bcmy","5000","Canon","Canon Toners"
"5505","Canon C-EXV51 Black Laser Toner Cartridge","5000","Canon","Canon Toners"
"5504","Canon C-EXV51 Toner Each Bcym","5000","Canon","Canon Toners"
"5503","Canon C-EXV52 Black Toner Cartridge","6000","Canon","Canon Toners"
"4208","Canon C-Exv 18 Black Toner","2000","Canon","Inks & Toner Cartridges"
"5513","Canon C-Exv 33 Black Original Toner Cartridge","2500","Canon","Canon Toners"
"4205","Canon C-Exv 42 Black Toner","2500","Canon","Inks & Toner Cartridges"
"5512","Canon C-Exv 43 Black Toner Cartridge","5000","Canon","Canon Toners"
"5511","Canon C-Exv 51L Cym Toner Cartridges Each","5000","Canon","Canon Toners"
"5510","Canon C-Exv 54 Toners Each Bcmy","3000","Canon","Canon Toners"
"5543","Canon CL-41 Color Ink Original Cartridge Each","1700","Canon","Canon Ink Cartridges"
"5542","Canon CL-441 Color Ink Original Cartridge","2200","Canon","Canon Ink Cartridges"
"5541","Canon CL-446 Color Ink Original Cartridge","2200","Canon","Canon Ink Cartridges"
"5540","Canon CL-511 Color Ink Original Cartridge","2200","Canon","Canon Ink Cartridges"
"5539","Canon CL-56 Color Ink Original Cartridge","2200","Canon","Canon Ink Cartridges"
"5538","Canon CLI-36 Color Ink Original Cartridge","2200","Canon","Canon Ink Cartridges"
"5537","Canon CLI-451 Black Ink Cartridge","2300","Canon","Canon Ink Cartridges"
"5536","Canon CLI-451 Cyan Ink Original Cartridge","2300","Canon","Canon Ink Cartridges"
"5535","Canon CLI-451 Magenta Ink Original Cartridge","2300","Canon","Canon Ink Cartridges"
"5534","Canon CLI-451 Yellow Ink Original Cartridge","2300","Canon","Canon Ink Cartridges"
"3442","Canon Canoscan Lide 300 Scanner","23000","Canon","Scanner"
"4470","Canon I-Sensys MF3010 Mfp All-In-One Laser Printer","38000","Canon","Printers & Copiers"
"5533","Canon PG-445 Black Ink Original Cartridge","2200","Canon","Canon Ink Cartridges"
"5532","Canon PG-46 Black Ink Original Cartridge","2200","Canon","Canon Ink Cartridges"
"5531","Canon PG-510 Black Ink Original Cartridge","2300","Canon","Canon Ink Cartridges"
"5530","Canon PGI-1400XL Black Ink Cartridge","3500","Canon","Canon Ink Cartridges"
"5529","Canon PGI-1400XL Cyan Ink Cartridge","3500","Canon","Canon Ink Cartridges"
"5528","Canon PGI-1400XL Magenta Ink Cartridge","3500","Canon","Canon Ink Cartridges"
"5527","Canon PGI-1400XL Yellow Ink Cartridge","3500","Canon","Canon Ink Cartridges"
"5526","Canon PGI-2400XL Black Ink Cartridge","3500","Canon","Canon Ink Cartridges"
"5525","Canon PGI-2400XL Cyan Ink Cartridge","3500","Canon","Canon Ink Cartridges"
"5524","Canon PGI-2400XL Magenta Ink Cartridge","3500","Canon","Canon Ink Cartridges"
"5523","Canon PGI-2400XL Yellow Ink Cartridge","3500","Canon","Canon Ink Cartridges"
"5522","Canon PGI-35 Black Ink Original Cartridge","3500","Canon","Canon Ink Cartridges"
"4341","Canon Pixma CL-411 Color Ink Cartridge","2400","Canon","Inks & Toner Cartridges"
"4347","Canon Pixma CL-446 Color Ink Cartridge","2300","Canon","Inks & Toner Cartridges"
"4334","Canon Pixma CL-511 Color Ink Cartridge","2300","Canon","Inks & Toner Cartridges"
"4353","Canon Pixma CL-56 Color Ink Cartridge","2400","Canon","Inks & Toner Cartridges"
"4461","Canon Pixma G3420 Printer","29000","Canon","Printers & Copiers"
"4464","Canon Pixma G3430 Printer","31000","Canon","Printers & Copiers"
"4467","Canon Pixma G640 Printer","48000","Canon","Printers & Copiers"
"4458","Canon Pixma MG2550S Printer","25000","Canon","Printers & Copiers"
"4337","Canon Pixma PG-440 Black Ink Cartridge","2400","Canon","Inks & Toner Cartridges"
"4344","Canon Pixma PG-445 Black Ink Cartridge","2400","Canon","Inks & Toner Cartridges"
"4350","Canon Pixma PG-46 Black Ink Cartridge","2300","Canon","Inks & Toner Cartridges"
"4329","Canon Pixma PG-510 Black Ink Cartridge","2300","Canon","Inks & Toner Cartridges"
"4455","Canon Pixma TS3340 Printer","9000","Canon","Printers & Copiers"
"5286","Canon Premium Comp 490 Ink CMYK","400","Canon","Master Rolls & Inks"
"4356","Canon Print Head BH-4 Black","5000","Canon","Printer Parts"
"5521","Canon Ts 3340","9000","Canon","Canon Toners"
"5507","ROYAL Canon C-EXV29 Toner Value Each B/Cm/Y","5000","Canon","Canon Toners"
"3511","Dell S2721HL 27-INCH Full Hd 8MS LCD Monitor","36000","Dell","Monitors"
"3485","Dell Vostro 3400 Core I3 4GB/1TB/14in Laptop","55000","Dell","Laptops"
"3482","Dell Vostro 3400 Core I5 4GB/1TB/14in Laptop","72000","Dell","Laptops"
"3480","Dell Vostro 3500 Core I5 4GB/1TB/15.6in UBUNTU Laptop","71000","Dell","Laptops"
"4048","Eaton 5E 850VA Ups","8000","Eaton","UPS"
"5339","Epson 101 Ecotank Black Ink Bottle 127ML","2500","Epson","Epson Ribbons & Inks"
"5338","Epson 101 Ecotank Cyan Tank Ink Bottle 70ML","1700","Epson","Epson Ribbons & Inks"
"5337","Epson 101 Ecotank Magenta Ink Bottle 70ML","1700","Epson","Epson Ribbons & Inks"
"5336","Epson 101 Ecotank Yellow Ink Bottle 70ML","1700","Epson","Epson Ribbons & Inks"
"5335","Epson 101/103 Premium Refill Ink For Ecotank Each","400","Epson","Epson Ribbons & Inks"
"5334","Epson 103 Ecotank Blacktank Ink Bottle 65ML","1200","Epson","Epson Ribbons & Inks"
"5333","Epson 103 Ecotank Cyan Tank Ink Bottle 65ML","1200","Epson","Epson Ribbons & Inks"
"5332","Epson 103 Ecotank Magenta Tank Ink Bottle 65ML","1200","Epson","Epson Ribbons & Inks"
"5331","Epson 103 Ecotank Yellow Tank Ink Bottle 65ML","1200","Epson","Epson Ribbons & Inks"
"5330","Epson 110 Ecotank Black Ink Bottle 120ML","3000","Epson","Epson Ribbons & Inks"
"5329","Epson 112 Ecotank Black Pigment Ink Bottle","3200","Epson","Epson Ribbons & Inks"
"5328","Epson 112 Ecotank Cym Ink Bottles Each","2700","Epson","Epson Ribbons & Inks"
"5327","Epson 664 Black Ink Bottle 70ML (T6641)","1200","Epson","Epson Ribbons & Inks"
"5326","Epson 664 Cyan Ink Bottle 70ML (T6642)","1200","Epson","Epson Ribbons & Inks"
"4445","Epson 664 Ink Bottle","1500","Epson","Inks & Toner Cartridges"
"5325","Epson 664 Magneta Ink Bottle 70ML (T6643)","1200","Epson","Epson Ribbons & Inks"
"5324","Epson 664 Yellow Ink Bottle 70ML (T6644)","1200","Epson","Epson Ribbons & Inks"
"5323","Epson 664/673 Refill Ink Compatible Ink Each","400","Epson","Epson Ribbons & Inks"
"5322","Epson 673 Black Ink Bottle 70ML","1200","Epson","Epson Ribbons & Inks"
"5321","Epson 673 Cyan Ink Bottle 70ML","1200","Epson","Epson Ribbons & Inks"
"5320","Epson 673 Light Magenta Ink Bottle 70ML (T6736)","1200","Epson","Epson Ribbons & Inks"
"5319","Epson 673 Magenta Ink Bottle 70ML (T6733)","1200","Epson","Epson Ribbons & Inks"
"3420","Epson CO-FH02 Projector","95000","Epson","Projectors"
"3423","Epson EB-FH06 Projector","130000","Epson","Projectors"
"3414","Epson EB-X49 Projector","90000","Epson","Projectors"
"3433","Epson EH-TW6150 Projector","200000","Epson","Projectors"
"3425","Epson EH-TW6250 Projector","120000","Epson","Projectors"
"3580","Epson ERC-31 Ribbon Cartridge","600","Epson","Inks & Toner Cartridges"
"3578","Epson ERC-38 B Ribbon Cartridge","600","Epson","Inks & Toner Cartridges"
"4511","Epson Ecotank L1800 Single Function Inktank A3 Photo Printer","150000","Epson","Printers & Copiers"
"4496","Epson Ecotank L3210 A4 All-In-One Ink Tank Printer","26000","Epson","Printers & Copiers"
"4499","Epson Ecotank L3250 A4 Wi-Fi All-In-One Ink Tank Printer","27000","Epson","Printers & Copiers"
"4502","Epson Ecotank L4260 A4 Wi-Fi Duplex All-In-One Ink Tank Printer","48000","Epson","Printers & Copiers"
"4493","Epson Ecotank L5290 A4 Wi-Fi All-In-One Ink Tank Printer","57000","Epson","Printers & Copiers"
"4505","Epson Ecotank L6490 A4 Ink Tank Printer","70000","Epson","Printers & Copiers"
"4508","Epson Ecotank L6570 Wi-Fi Duplex Multifunction Adf Inktank Office Printer","150000","Epson","Printers & Copiers"
"4514","Epson L850 Photo All-In-One Ink Tank Printer","70000","Epson","Printers & Copiers"
"5317","Epson LQ-2190 Ribbon Cartridge","1200","Epson","Epson Ribbons & Inks"
"5316","Epson LQ-350 Generic Ribbon Black Cartridge","600","Epson","Epson Ribbons & Inks"
"5315","Epson LQ-350 Original Ribbon Black Cartridge","600","Epson","Epson Ribbons & Inks"
"3576","Epson LQ-590 Ribbon Cartridge","1000","Epson","Inks & Toner Cartridges"
"5314","Epson LQ-590/690 Generic Ribbon Black Cartridge","1000","Epson","Epson Ribbons & Inks"
"5313","Epson LQ-590/690 Genuine Ribbon Black Cartridge","1000","Epson","Epson Ribbons & Inks"
"3574","Epson LQ-680 Ribbon Cartridge","500","Epson","Inks & Toner Cartridges"
"3569","Epson LQ-690 Ribbon Cartridge","1200","Epson","Inks & Toner Cartridges"
"5312","Epson LX-300/350 Ribbon Cartridge","600","Epson","Epson Ribbons & Inks"
"4517","Epson LX-350 Impact Dot Matrix Printer","35000","Epson","Printers & Copiers"
"3571","Epson LX-350 Ribbon Cartridge","600","Epson","Inks & Toner Cartridges"
"3434","Epson Perfection V39 Scanner","23000","Epson","Scanner"
"5311","Epson Ribbon DFX9000 Black Cartridge","1500","Epson","Epson Ribbons & Inks"
"5310","Epson Ribbon ERC38/39 Original For TM300A Black","600","Epson","Epson Ribbons & Inks"
"5309","Epson Ribbon LQ-2170/2180/2190 Black","1200","Epson","Epson Ribbons & Inks"
"5308","Epson Ribbons LX-350 Black Cartridge","600","Epson","Epson Ribbons & Inks"
"5318","Epson T6735 Light Cyan Ink Bottle 70ML","300","Epson","Epson Ribbons & Inks"
"5283","Royal Premium Epson 103 Ink CMYK","400","Epson","Master Rolls & Inks"
"4599","HP 05A Black Original Laserjet Toner Cartridge (CE505A)","7000","HP","Inks & Toner Cartridges"
"5185","HP 05A Black Toner Laserjet (CE505A)","6000","HP","HP Original Toners"
"5184","HP 103A Black Neverstop Toner Reload Kit (1103A)","4000","HP","HP Original Toners"
"5183","HP 104A Black Laser Imaging Drum (W1104A)","7000","HP","HP Original Toners"
"5182","HP 106A Black Toner Cartridge (W1106A)","7500","HP","HP Original Toners"
"4175","HP 107A Black Original Laserjet Toner Cartridge","7500","HP","Inks & Toner Cartridges"
"5181","HP 107A Black Toner Cartridge (W1107A)","7500","HP","HP Original Toners"
"4793","HP 117A Black Original Laserjet Toner Cartridge","7500","HP","Inks & Toner Cartridges"
"5180","HP 117A Black Toner Cartridge (W2070A)","7500","HP","HP Original Toners"
"5179","HP 117A Cym Toner Laserjet Cartridge Each (CF214A)","7500","HP","HP Original Toners"
"5178","HP 11A Black Toner Original Laserjet (Q6511A)","11000","HP","HP Original Toners"
"5177","HP 120A Imaging Drum (W1120)","15000","HP","HP Original Toners"
"5502","HP 121 Black Ink Original Cartridge (CC640HE)","2800","HP","Original Hp Ink Cartridges"
"3588","HP 121 Black Original Ink Cartridge","4500","HP","Inks & Toner Cartridges"
"5501","HP 121 Tri Color Ink Original Cartridge (CC640HE)","3500","HP","Original Hp Ink Cartridges"
"3590","HP 121 Tri-Colour Original Ink Cartridge","4000","HP","Inks & Toner Cartridges"
"5500","HP 122 Black Ink Cartridge (CH561HE)","2500","HP","Original Hp Ink Cartridges"
"3911","HP 122 Black Original Ink Cartridge","2700","HP","Inks & Toner Cartridges"
"5499","HP 122 Tri Color Ink Cartridge (CH562HE)","3000","HP","Original Hp Ink Cartridges"
"3914","HP 122 Tri-Colour Original Ink Cartridge","2600","HP","Inks & Toner Cartridges"
"5498","HP 123 Black Ink Advantage Cartridge (C2P10AE)","3500","HP","Original Hp Ink Cartridges"
"5497","HP 123 Black Original Ink Cartridge (F6V17AE)","2200","HP","Original Hp Ink Cartridges"
"5496","HP 123 Tri Color Original Ink Cartridge (F6V16AE)","2200","HP","Original Hp Ink Cartridges"
"3944","HP 123 Tri-Colour Original Ink Cartridge","2300","HP","Inks & Toner Cartridges"
"5176","HP 125A Black Toner Laserjet Catridge (CB540A)","4500","HP","HP Original Toners"
"5175","HP 125A Cyan Toner Laserjet Catridge (CB541A)","4500","HP","HP Original Toners"
"5174","HP 125A Magneta Toner Laserjet (CB543A)","4500","HP","HP Original Toners"
"5173","HP 125A Yellow Toner Laserjet Catridge (CB542A)","4500","HP","HP Original Toners"
"5172","HP 126A Black Toner Original Laserjet (CE310A)","4500","HP","HP Original Toners"
"5171","HP 126A Cyan Toner Original Laserjet (CE311A)","4500","HP","HP Original Toners"
"5170","HP 126A Imaging Drum Laserjet (CE314A)","4500","HP","HP Original Toners"
"5169","HP 126A Magneta Toner Original Laserjet (CE313A)","4500","HP","HP Original Toners"
"5168","HP 126A Yellow Toner Original Laserjet (CE312A)","2500","HP","HP Original Toners"
"5167","HP 128A Black Toner Original Laserjet (CE320A)","8000","HP","HP Original Toners"
"5166","HP 128A Cyan Toner Original Laserjet (CE321A)","8000","HP","HP Original Toners"
"5165","HP 128A Magneta Toner Original Laserjet (CE322A)","8000","HP","HP Original Toners"
"5164","HP 128A Yellow Toner Original Laserjet (CE322A)","8000","HP","HP Original Toners"
"5495","HP 129 Black Ink Cartridge (C9364HE)","3500","HP","Original Hp Ink Cartridges"
"3556","HP 12A Black Original Laserjet Toner Cartridge","6000","HP","Inks & Toner Cartridges"
"5163","HP 12A Black Toner Original Catridge (Q2612A)","6000","HP","HP Original Toners"
"5494","HP 130 Black Ink Original Cartridge (C8767HE)","5000","HP","Original Hp Ink Cartridges"
"5162","HP 130A Black Original Toner Laserjet Catridge (CF350A)","6500","HP","HP Original Toners"
"5161","HP 130A Cyan Original Toner Laserjet (CF351A)","6500","HP","HP Original Toners"
"5160","HP 130A Magneta Original Toner Laserjet (CF353A)","6500","HP","HP Original Toners"
"5159","HP 130A Yellow Original Toner Laserjet Catridge (CF352A)","6500","HP","HP Original Toners"
"4812","HP 131A Black Original Laserjet Toner Cartridge","7000","HP","Inks & Toner Cartridges"
"5158","HP 131A Black Toner Laserjet (CF210A)","7000","HP","HP Original Toners"
"5157","HP 131A Cyan Toner Laserjet (CF211A)","7000","HP","HP Original Toners"
"5156","HP 131A Magneta Toner Laserjet (CF213A)","7000","HP","HP Original Toners"
"5155","HP 131A Yellow Toner Laserjet (CF212A)","7000","HP","HP Original Toners"
"5493","HP 134 Tri Color Ink Original Cartridge (C9363HE)","3500","HP","Original Hp Ink Cartridges"
"5154","HP 136A Black Toner Laserjet Cartridge (W1360A)","8000","HP","HP Original Toners"
"5153","HP 13A Black Toner Original Laserjet (Q2613A)","8000","HP","HP Original Toners"
"5152","HP 140G Refill Powder","250","HP","HP Original Toners"
"5151","HP 147A Black Toner Laserjet Cartridge (W1470A)","14000","HP","HP Original Toners"
"5150","HP 14A Black Toner Laserjet Cartridge (CF214A)","18000","HP","HP Original Toners"
"3496","HP 15 Celeron 4GB/500GB/15.6in Laptop","42000","HP","Laptops"
"3501","HP 15 Core I7 8GB/1TB/15.6in DOS Laptop","98000","HP","Laptops"
"4822","HP 150A Black Original Laserjet Toner Cartridge","7500","HP","Inks & Toner Cartridges"
"5149","HP 150A Black Toner Laserjet Cartridge (W1500A)","7500","HP","HP Original Toners"
"4592","HP 151A Black Laserjet Toner Cartridge (W1510A)","13000","HP","Inks & Toner Cartridges"
"5148","HP 151A Black Toner Laserjet Cartridge (W1510A)","11000","HP","HP Original Toners"
"5147","HP 16A Black Toner Laserjet Cartridge (Q7516A)","18000","HP","HP Original Toners"
"4077","HP 17A Black Original Laserjet Toner Cartridge","7000","HP","Inks & Toner Cartridges"
"5146","HP 17A Black Toner Laserjet (CF217A)","7000","HP","HP Original Toners"
"5145","HP 19A Imaging Drum Unit","8000","HP","HP Original Toners"
"4123","HP 19A Original Laserjet Imaging Drum","8000","HP","Inks & Toner Cartridges"
"3507","HP 200 G4 All-In-One Pc Core I3 10Th Gen 4GB 1TB 18.5in","80000","HP","Computers & Computer Accessories"
"4808","HP 201A Black Original Laserjet Toner Cartridge","7500","HP","Inks & Toner Cartridges"
"5144","HP 201A Black Toner Laserjet (CF400A)","7500","HP","HP Original Toners"
"5143","HP 201A Cyan Toner Laserjet (CF401A)","8500","HP","HP Original Toners"
"5142","HP 201A Magneta Toner Laserjet (CF403A)","7500","HP","HP Original Toners"
"5141","HP 201A Yellow Toner Laserjet (CF402A)","7500","HP","HP Original Toners"
"4799","HP 203A Black Original Laserjet Toner Cartridge","7500","HP","Inks & Toner Cartridges"
"5140","HP 203A Black Toner Laserjet (CF540A)","7500","HP","HP Original Toners"
"5139","HP 203A Cyan Toner Laserjet (CF541A)","7500","HP","HP Original Toners"
"5138","HP 203A Magneta Toner Laserjet (CF543A)","7500","HP","HP Original Toners"
"5137","HP 203A Yellow Toner Laserjet (CF542A)","7500","HP","HP Original Toners"
"4068","HP 205A Black Original Laserjet Toner Cartridge","7500","HP","Inks & Toner Cartridges"
"5136","HP 205A Black Toner Laserjet (CF530A)","7500","HP","HP Original Toners"
"5135","HP 205A Cyan Toner Laserjet (CF531A)","7500","HP","HP Original Toners"
"5134","HP 205A Magneta Toner Laserjet (CF533A)","7500","HP","HP Original Toners"
"5133","HP 205A Yellow Toner Laserjet (CF532A)","7500","HP","HP Original Toners"
"4166","HP 207A Black Original Laserjet Toner Cartridge","14000","HP","Inks & Toner Cartridges"
"5132","HP 207A Black Toner Laserjet Catridge (W2210A)","13000","HP","HP Original Toners"
"5131","HP 207A Cyan, Yellow, Magneta Toners Each","11500","HP","HP Original Toners"
"5492","HP 21 Black Original Black Ink Cartridge (C9351AA)","3800","HP","Original Hp Ink Cartridges"
"3908","HP 21 Black Original Ink Cartridge","4000","HP","Inks & Toner Cartridges"
"5130","HP 212A Black Laserjet Toner Cartridge (W2120A)","24000","HP","HP Original Toners"
"5129","HP 212A Toner Cartridges Cym Each","28000","HP","HP Original Toners"
"4796","HP 216A Black Original Laserjet Toner Cartridge","7500","HP","Inks & Toner Cartridges"
"5128","HP 216A Black Toner Cartridge (W2410A)","7500","HP","HP Original Toners"
"5127","HP 216A Yellow, Cyan, Magneta Toners Each","7500","HP","HP Original Toners"
"5491","HP 22 Tri Color Ink Cartridge (C9352AE)","4000","HP","Original Hp Ink Cartridges"
"3904","HP 22 Tri-Colour Original Ink Cartridge","4500","HP","Inks & Toner Cartridges"
"3495","HP 250 G7 Celeron 4GB/500GB/15.6in Laptop","42000","HP","Laptops"
"3493","HP 250 G7 Core I3 4GB/1TB/15.6in DOS Laptop","55000","HP","Laptops"
"3498","HP 250 G8 10Th Gen Core I7 1TB HDD 8GB RAM 15.6in Laptop","95000","HP","Laptops"
"3491","HP 255 G8 Amd Ryzen 3 Core I5 4GB/1TB/DOS Laptop","55000","HP","Laptops"
"4145","HP 26A Black Original Laserjet Toner Cartridge","8500","HP","Inks & Toner Cartridges"
"5126","HP 26A Black Toner Laserjet (CF226A)","7800","HP","HP Original Toners"
"5490","HP 27 Black Ink Original Cartridge (C8727AE)","3300","HP","Original Hp Ink Cartridges"
"5125","HP 304A Black Toner Original Laserjet (CC530A)","8000","HP","HP Original Toners"
"5124","HP 304A Cyan Toner Original Laserjet (CC531A)","8000","HP","HP Original Toners"
"5123","HP 304A Magneta Toner Original Laserjet (CC533A)","8000","HP","HP Original Toners"
"5122","HP 304A Yellow Toner Original Laserjet (CC532A)","8000","HP","HP Original Toners"
"3947","HP 305 Black Original Ink Cartridge","2200","HP","Inks & Toner Cartridges"
"5489","HP 305 Blacktri Color Ink Cartridge Each","2000","HP","Original Hp Ink Cartridges"
"3950","HP 305 Tri-Colour Original Ink Cartridge","2200","HP","Inks & Toner Cartridges"
"4829","HP 305A Black Original Laserjet Toner Cartridge","7500","HP","Inks & Toner Cartridges"
"5121","HP 305A Black Toner Catridge (CE410A)","7500","HP","HP Original Toners"
"5120","HP 305A Cyan Toner Catridge (CE411A)","7500","HP","HP Original Toners"
"5119","HP 305A Yellow Toner Laserjet (CE412A)","7500","HP","HP Original Toners"
"5117","HP 307A Black Toner Laserjet Cartridge (CE740A)","15000","HP","HP Original Toners"
"5118","HP 307A Cym Toner Cartridge Each","18000","HP","HP Original Toners"
"4129","HP 30A Black Original Laserjet Toner Cartridge","7100","HP","Inks & Toner Cartridges"
"5116","HP 30A Black Toner Laserjet (CF230A)","7100","HP","HP Original Toners"
"4832","HP 312A Black Original Laserjet Toner Cartridge","8000","HP","Inks & Toner Cartridges"
"5115","HP 312A Black Toner Original Laserjet Catridge (CF380A)","8000","HP","HP Original Toners"
"5114","HP 312A Cyan Toner Original Laserjet Catridge (CF381A)","8000","HP","HP Original Toners"
"5113","HP 312A Magneta Toner Original Laserjet (CF383A)","8000","HP","HP Original Toners"
"5112","HP 312A Yellow Toner Original Laserjet (CF382A)","8000","HP","HP Original Toners"
"5111","HP 32A Laserjet Imaging Drum (CF232A)","9000","HP","HP Original Toners"
"4138","HP 32A Original Laserjet Imaging Drum","7500","HP","Inks & Toner Cartridges"
"4587","HP 35A Black Original Laserjet Toner Cartridge (CB435A)","5500","HP","Inks & Toner Cartridges"
"5110","HP 35A Black Toner Cartridge (CB1500A)","5500","HP","HP Original Toners"
"3548","HP 36A Black Original Laserjet Toner Cartridge","6000","HP","Inks & Toner Cartridges"
"5109","HP 36A Black Toner Laserjet Cartridge (CB436A)","6000","HP","HP Original Toners"
"4835","HP 37A Black Original Laserjet Toner Cartridge","16000","HP","Inks & Toner Cartridges"
"5108","HP 37A Black Toner Cartridge (CF237A)","16000","HP","HP Original Toners"
"5107","HP 410A Black Toner Laserjet (CF410A)","7500","HP","HP Original Toners"
"5106","HP 410A Cyan Toner Laserjet (CF411A)","7500","HP","HP Original Toners"
"5105","HP 410A Magneta Toner Laserjet (CF413A)","7500","HP","HP Original Toners"
"5104","HP 410A Yellow Toner Laserjet (CF412A)","7500","HP","HP Original Toners"
"4160","HP 415A Black Original Laserjet Toner Cartridge","10500","HP","Inks & Toner Cartridges"
"5103","HP 415A Black Toner Catridge (W2032A)","10500","HP","HP Original Toners"
"5102","HP 415A Cyan Toner Laserjet (W2031A)","11000","HP","HP Original Toners"
"5101","HP 415A Magneta Toner Laserjet (W2033A)","11000","HP","HP Original Toners"
"5100","HP 415A Yellow Toner Laserjet (W2030A)","11000","HP","HP Original Toners"
"5099","HP 42A Black Toner Original Laserjet (Q5942)","13000","HP","HP Original Toners"
"5098","HP 49A Black Toner Original Laserjet Catridge (Q5949A)","7500","HP","HP Original Toners"
"5097","HP 504A Black Toner Original Laserjet (CE250A)","15500","HP","HP Original Toners"
"5096","HP 504A Cyan Toner Original Laserjet (CE251A)","17000","HP","HP Original Toners"
"5095","HP 504A Magneta Toner Original Laserjet (CE253A)","17000","HP","HP Original Toners"
"5094","HP 504A Yellow Toner Original Laserjet (CE252A)","17000","HP","HP Original Toners"
"4819","HP 507A Black Original Laserjet Toner Cartridge","14000","HP","Inks & Toner Cartridges"
"5093","HP 507A Black Toner Original Laserjet (CE400A)","14000","HP","HP Original Toners"
"5092","HP 507A Cyan Toner Original Laserjet (CE401A)","14000","HP","HP Original Toners"
"5091","HP 507A Magneta Toner Original Laserjet (CE403A)","14000","HP","HP Original Toners"
"5090","HP 507A Yellow Toner Original Laserjet (CE402A)","14000","HP","HP Original Toners"
"5088","HP 508A Black Toner Laserjet Cartridge (CF360A)","15000","HP","HP Original Toners"
"5089","HP 508A Cyan Toner Laserjet Cartridge (CF361A)","15000","HP","HP Original Toners"
"5087","HP 508A Magneta Toner Laserjet Cartridge (CF363A)","19000","HP","HP Original Toners"
"5086","HP 508A Yellow Toner Laserjet Cartridge (CF362A)","19000","HP","HP Original Toners"
"5085","HP 51A Black Toner Original Laserjet (Q7551A)","11500","HP","HP Original Toners"
"5084","HP 53A Black Toner Laserjet Cartridge (Q7553A)","8000","HP","HP Original Toners"
"3565","HP 55A Black Original Laserjet Toner Cartridge","11000","HP","Inks & Toner Cartridges"
"5083","HP 55A Black Toner Original Laserjet Original (CE255A)","10000","HP","HP Original Toners"
"5082","HP 56A Black Toner Original Laserjet (CE256A)","4000","HP","HP Original Toners"
"3535","HP 59A Black Original Laserjet Toner Cartridge","12000","HP","Inks & Toner Cartridges"
"5081","HP 59A Black Toner Catridge (CF259A)","11000","HP","HP Original Toners"
"3926","HP 60 Black Original Ink Cartridge","4500","HP","Inks & Toner Cartridges"
"5488","HP 61 Black Original Ink Cartridge (CH561WA)","4200","HP","Original Hp Ink Cartridges"
"5487","HP 61 Tri Color Original Ink Cartridge","4300","HP","Original Hp Ink Cartridges"
"3932","HP 61 Tri-Colour Original Ink Cartridge","4500","HP","Inks & Toner Cartridges"
"5486","HP 63 Black Ink Original Cartridge (F6U62AA)","4500","HP","Original Hp Ink Cartridges"
"3832","HP 63 Black Original Ink Cartridge","4500","HP","Inks & Toner Cartridges"
"5485","HP 63 Tri Color Ink Cartridge (F6U61AA)","3000","HP","Original Hp Ink Cartridges"
"3901","HP 63 Tri-Colour Original Ink Cartridge","4300","HP","Inks & Toner Cartridges"
"5080","HP 647A Black Toner Laserjet Original Catridge (CE260A)","18000","HP","HP Original Toners"
"5079","HP 648A Cyan Toner Laserjet Original Catridge (CE261A)","18000","HP","HP Original Toners"
"5078","HP 648A Magneta Toner Laserjet Original (CE263A)","18000","HP","HP Original Toners"
"5077","HP 648A Yellow Toner Laserjet Original Catridge (CE262A)","18000","HP","HP Original Toners"
"5076","HP 64A Black Toner Original Laserjet Cartridge (CC364A)","18000","HP","HP Original Toners"
"5484","HP 650 Black Ink Advantage Cartridge (CH561HE)","2500","HP","Original Hp Ink Cartridges"
"3820","HP 650 Black Original Ink Cartridge","2500","HP","Inks & Toner Cartridges"
"5483","HP 650 Tri Color Ink Advantage Cartridge (CH561HE)","2300","HP","Original Hp Ink Cartridges"
"3825","HP 650 Tri-Colour Original Ink Cartridge","2500","HP","Inks & Toner Cartridges"
"5075","HP 650A Black Toner Original Laserjet (CE270A)","22000","HP","HP Original Toners"
"5074","HP 650A Cyan Toner Original Laserjet (CE271A)","22000","HP","HP Original Toners"
"5073","HP 650A Magneta Toner Original Laserjet (CE273A)","22000","HP","HP Original Toners"
"5072","HP 650A Yellow Toner Original Laserjet (CE272A)","22000","HP","HP Original Toners"
"5482","HP 651 Tri Color Ink Cartridge (C2P11AE)","3200","HP","Original Hp Ink Cartridges"
"5071","HP 651A Black Toner Laserjet Cartridge (CE340A)","22000","HP","HP Original Toners"
"5070","HP 651A Color Toners Cym Each","27000","HP","HP Original Toners"
"5481","HP 652 Black Ink Cartridge (F6V25AE)","2500","HP","Original Hp Ink Cartridges"
"3953","HP 652 Black Original Ink Cartridge","2500","HP","Inks & Toner Cartridges"
"5480","HP 652 Tri Color Ink Cartridge (F6V24AE)","2400","HP","Original Hp Ink Cartridges"
"3956","HP 652 Tri-Colour Original Ink Cartridge","2500","HP","Inks & Toner Cartridges"
"5479","HP 655 Black Ink Original Cartridge (CZ109AE)","2400","HP","Original Hp Ink Cartridges"
"3829","HP 655 Black Original Ink Cartridge","3500","HP","Inks & Toner Cartridges"
"5478","HP 655 Cyan Ink Original Cartridge (CZ119AE)","2300","HP","Original Hp Ink Cartridges"
"5477","HP 655 Magenta Ink Original Cartridge (CZ111AE)","2300","HP","Original Hp Ink Cartridges"
"5476","HP 655 Yellow Ink Original Cartridge (CZ112AE)","2300","HP","Original Hp Ink Cartridges"
"5069","HP 655A Black Toner Laserjet Cartridge (CF450A)","30500","HP","HP Original Toners"
"5475","HP 655A Cym Toner Cartridge Each","36500","HP","Original Hp Ink Cartridges"
"5068","HP 659A Black Toner Laserjet Cartridge (W2010A)","24000","HP","HP Original Toners"
"5067","HP 659A Cym Toner Each","44000","HP","HP Original Toners"
"5474","HP 711 Black Ink Cartridge","6000","HP","Original Hp Ink Cartridges"
"5473","HP 711 Cyan Ink Cartridge 38ML Genune (CZ130A)","5000","HP","Original Hp Ink Cartridges"
"5472","HP 711 Maenta Ink Cartridge 38ML Genune (CZ131A)","5000","HP","Original Hp Ink Cartridges"
"5471","HP 711 Yellow Ink Cartridge 38ML Genune (CZ132A)","5000","HP","Original Hp Ink Cartridges"
"5307","HP 72 130-ML Black Matte Designjet Ink Each","15000","HP","Master Rolls & Inks"
"5306","HP 72 Design Jet Printehead Magnta | Cyan, C9383A","15000","HP","Master Rolls & Inks"
"5305","HP 72 Gray | Photo Black Designjet Printhead, C9380A","15000","HP","Master Rolls & Inks"
"5304","HP 72 Matte Black | Yellow Designjet Printhead, C9384A","15000","HP","Master Rolls & Inks"
"5302","HP 727 Black Designjet Ink (130-ML Cartridge)","18000","HP","Master Rolls & Inks"
"5303","HP 727 Cym Designjet Ink (130-ML Cartridge Each)","18000","HP","Master Rolls & Inks"
"5301","HP 728 Black 300ML Matte Designjet Ink Cartridge Each","18000","HP","Master Rolls & Inks"
"5300","HP 728 Cym High Capacity Ink 130-ML Each","18000","HP","Master Rolls & Inks"
"5299","HP 730 Designjet Ink Cartridges 130-ML Each","18000","HP","Master Rolls & Inks"
"5066","HP 76A Black Toner Laserjet Cartridge (CF276A)","17000","HP","HP Original Toners"
"5298","HP 771 Designjet 775-ML Ink Cartridge Each","18000","HP","Master Rolls & Inks"
"3552","HP 78A Black Original Laserjet Toner Cartridge","6000","HP","Inks & Toner Cartridges"
"5065","HP 78A Black Toner Laserjet (CE278A)","6000","HP","HP Original Toners"
"5064","HP 79A Black Laserjet Toner Cartridge","9500","HP","HP Original Toners"
"4151","HP 79A Black Original Laserjet Toner Cartridge","9000","HP","Inks & Toner Cartridges"
"4603","HP 80A Black Original Laserjet Toner Cartridge (CF280A)","6000","HP","Inks & Toner Cartridges"
"5063","HP 80A Black Toner Laserjet (CE280A)","6000","HP","HP Original Toners"
"4781","HP 81A Black Original Laserjet Toner Cartridge","12000","HP","Inks & Toner Cartridges"
"5062","HP 81A Black Toner Laserjet Catrigde (CF281A)","12000","HP","HP Original Toners"
"5061","HP 827A Black Toner Laserjet Cartridge (CF300A)","25000","HP","HP Original Toners"
"5060","HP 827A Color Toner Cartridges Each","35000","HP","HP Original Toners"
"5059","HP 828A Black Drum Laserjet Image (CF358A)","26000","HP","HP Original Toners"
"5058","HP 828A Drum Units Cym Each","36000","HP","HP Original Toners"
"3542","HP 83A Black Original Laserjet Toner Cartridge","5500","HP","Inks & Toner Cartridges"
"5057","HP 83A Black Toner Laserjet (CF283A)","6000","HP","HP Original Toners"
"4580","HP 85A Black Original Laserjet Toner Cartridge","6000","HP","Inks & Toner Cartridges"
"5056","HP 85A Black Toner Laserjet (CE285A)","6000","HP","HP Original Toners"
"4790","HP 87A Black Original Laserjet Toner Cartridge","12000","HP","Inks & Toner Cartridges"
"5055","HP 87A Black Toner Original Laserjet (CF287A)","12000","HP","HP Original Toners"
"5054","HP 89A Black Toner Cartridge (CF289A)","11000","HP","HP Original Toners"
"5470","HP 901 Black Ink Cartridge (CC653A)","2800","HP","Original Hp Ink Cartridges"
"3917","HP 901 Black Original Ink Cartridge","4500","HP","Inks & Toner Cartridges"
"5469","HP 901 Tri Color Ink Cartridge","3500","HP","Original Hp Ink Cartridges"
"3920","HP 901 Tri-Colour Original Ink Cartridge","4500","HP","Inks & Toner Cartridges"
"5468","HP 903 Black Ink High Capacity Cartridge (T6M15AE)","3500","HP","Original Hp Ink Cartridges"
"5467","HP 903 Cyan Ink Original Cartridge (T6L87AE)","3500","HP","Original Hp Ink Cartridges"
"5466","HP 903 Magenta Ink Original Cartridge (T6L91AE)","3500","HP","Original Hp Ink Cartridges"
"5465","HP 903 Yellow Ink Original Cartridge (T6L95AE)","3500","HP","Original Hp Ink Cartridges"
"5464","HP 903XL Cyan High Capacity Cartridge","3500","HP","Original Hp Ink Cartridges"
"5463","HP 903XL Magenta Ink High Capacity Cartridge (T6M07AE)","3500","HP","Original Hp Ink Cartridges"
"5462","HP 903XL Yellow Ink High Capacity Cartridge (T6M11AE)","3500","HP","Original Hp Ink Cartridges"
"4787","HP 90A Black Original Laserjet Toner Cartridge","11000","HP","Inks & Toner Cartridges"
"5053","HP 90A Black Toner Laserjet Original (CE390A)","11000","HP","HP Original Toners"
"3923","HP 920 Black Original Ink Cartridge","4000","HP","Inks & Toner Cartridges"
"5461","HP 920XL Black Cartridge High Yield Original Ink (CD975AA)","7000","HP","Original Hp Ink Cartridges"
"5460","HP 920XL High Yield Ink Cartridge Cmy Each","3600","HP","Original Hp Ink Cartridges"
"5459","HP 932 Black Ink Original Cartridge (CN0557AE)","3600","HP","Original Hp Ink Cartridges"
"3962","HP 932 Black Original Ink Cartridge","2800","HP","Inks & Toner Cartridges"
"5458","HP 932XL Black Ink High Yield Cartridge (CN049AE)","6500","HP","Original Hp Ink Cartridges"
"5457","HP 933 Color Ink High Yield Cartridge Each","3000","HP","Original Hp Ink Cartridges"
"5456","HP 933XL Color Ink High Yield Cartridge Cmy Each","3500","HP","Original Hp Ink Cartridges"
"5455","HP 934 Black Ink Original Cartridge (C2P19AE)","3500","HP","Original Hp Ink Cartridges"
"5454","HP 934XL Black Ink High Yield Cartridge (C2P23AN)","6500","HP","Original Hp Ink Cartridges"
"5453","HP 935 Cyan Ink Original Cartridge (C2P20AE)","3000","HP","Original Hp Ink Cartridges"
"5452","HP 935 Magenta Ink Original Cartridge (C2P21AE)","3000","HP","Original Hp Ink Cartridges"
"5451","HP 935 Yellow Ink Original Cartridge (C2P22AE)","3000","HP","Original Hp Ink Cartridges"
"5450","HP 935XL Cyan Ink High Yield Cartridge","4500","HP","Original Hp Ink Cartridges"
"5449","HP 935XL Magenta Ink High Yield Cartridge (C2P25AE)","4500","HP","Original Hp Ink Cartridges"
"5448","HP 935XL Yellow Ink High Yield Cartridge","4500","HP","Original Hp Ink Cartridges"
"5447","HP 950 Black Ink Original Cartridge (CN049AE)","5000","HP","Original Hp Ink Cartridges"
"3959","HP 950 Black Original Ink Cartridge","5000","HP","Inks & Toner Cartridges"
"5446","HP 950XL Black Ink High Yield Cartridge","7500","HP","Original Hp Ink Cartridges"
"5445","HP 951XL Color Ink High Yieldcartridge Each","5500","HP","Original Hp Ink Cartridges"
"5444","HP 952 Black Ink Cartridge","5500","HP","Original Hp Ink Cartridges"
"5443","HP 952 Cym Ink Cartridge Cartridge Each","4500","HP","Original Hp Ink Cartridges"
"5442","HP 953 Black Cartridge High Yield Ink","4700","HP","Original Hp Ink Cartridges"
"3938","HP 953 Black Original Ink Cartridge","5000","HP","Inks & Toner Cartridges"
"5441","HP 953 Color Cartridge High Yield Ink Each","3700","HP","Original Hp Ink Cartridges"
"5440","HP 953XL Black Ink High Yield Caetridge","7500","HP","Original Hp Ink Cartridges"
"5439","HP 953XL Color Cartridge High Yield Ink Each","5500","HP","Original Hp Ink Cartridges"
"5438","HP 955 Black Ink Cartridge (L0S60AA)","6000","HP","Original Hp Ink Cartridges"
"5437","HP 963 Black Ink Cartridge","4500","HP","Original Hp Ink Cartridges"
"5436","HP 9633 Color Ink Cartridge Cym Each","3400","HP","Original Hp Ink Cartridges"
"5435","HP 963XL Black Ink High Yirld Cartridge","6500","HP","Original Hp Ink Cartridges"
"5434","HP 963XL Color Ink Cartridge Cmy Each","5200","HP","Original Hp Ink Cartridges"
"5297","HP 973X Black High Yield Pagewide Cartridge","18000","HP","Master Rolls & Inks"
"5296","HP 973X Cmy High Yield Pagewide Cartridge Each","18000","HP","Master Rolls & Inks"
"5295","HP Black 970XL/971XL Ink Original Cartridges","18000","HP","Master Rolls & Inks"
"4474","HP Color Laser Mfp 179FNW Printer","65000","HP","Printers & Copiers"
"4477","HP Color Laserjet Pro Mfp M182N Printer","68000","HP","Printers & Copiers"
"4480","HP Color Laserjet Pro Mfp M183FW Printer","72000","HP","Printers & Copiers"
"4483","HP Color Laserjet Pro Mfp M283FDN Printer","95000","HP","Printers & Copiers"
"4486","HP Color Laserjet Pro Mfp M479DW Printer","120000","HP","Printers & Copiers"
"4490","HP Deskjet 2710 All-In-One Printer","11500","HP","Printers & Copiers"
"5294","HP GT51 Black Ink Bottle (MOH57AE)","2300","HP","Master Rolls & Inks"
"5293","HP GT52 Cyan Ink Bottle (MOH54AE)","1700","HP","Master Rolls & Inks"
"5292","HP GT52 Magenta Ink Bottle (MOH55AA)","1700","HP","Master Rolls & Inks"
"5291","HP GT52 Yellow Ink Bottle (MOH56AA)","1700","HP","Master Rolls & Inks"
"5290","HP GT53-90-ML Black Original Ink Bottle","1700","HP","Master Rolls & Inks"
"4525","HP GT53XL Original Ink","2500","HP","Inks & Toner Cartridges"
"5289","HP M0H50A Tri-Color GT52 Replacement Printhead","3500","HP","Master Rolls & Inks"
"5288","HP M0H51A Black GT51 Replacement Printhead","3500","HP","Master Rolls & Inks"
"3502","HP M22F Fhd (1080P) Ips Frameless LED Backlit 22-INCH Monitor","27000","HP","Monitors"
"3444","HP Scanjet Pro 3600 F1 Scanner","70000","HP","Scanner"
"3504","HP V24I G5 Fhd Monitor","29000","HP","Monitors"
"5287","HP X4E75A Black Inktank Printhead","16000","HP","Master Rolls & Inks"
"3584","Pressure Roller For HP Laserjet 1102/1018/1020 Printers","1800","HP","Printer Parts"
"3587","Pressure Roller For HP Laserjet 2050/2055/PRO 400 Printers","1800","HP","Printer Parts"
"5020","Royal HP 500G Refill Powder","600","HP","Royal Toners"
"5019","Royal HP Refill Powder 1KG","1100","HP","Royal Toners"
"3582","Teflon Fuser Film Sleeve For HP Laserjet 1102/1020/1018 Printers","1000","HP","Printer Parts"
"3586","Teflon Fuser Film Sleeve For HP Laserjet 2050/PRO 400 Printers","1000","HP","Printer Parts"
"4424","Konica Minolta TN216 Toner Cartridge","3000","Konica Minolta","Inks & Toner Cartridges"
"4434","Konica Minolta TN217 Toner Cartridge","2200","Konica Minolta","Inks & Toner Cartridges"
"4431","Konica Minolta TN321 Toner Cartridge","3000","Konica Minolta","Inks & Toner Cartridges"
"4427","Konica Minolta TN324 Toner Cartridge","3500","Konica Minolta","Inks & Toner Cartridges"
"4449","Blade Cleaning Blade For Kyocera Mita KM-2050","1000","Kyocera","Printer Parts"
"3471","Kyocera Ecosys Fs 1025 Multifunction Laser Printer","48000","Kyocera","Printers & Copiers"
"3457","Kyocera Ecosys M2135DN A4 Mono Multifunction Laser Printer","95000","Kyocera","Printers & Copiers"
"3450","Kyocera Ecosys MA4500IX Mono Multifunction Laser Printer","145000","Kyocera","Printers & Copiers"
"3459","Kyocera MA2000W Monochrome Multifunction Laser Printer","50000","Kyocera","Printers & Copiers"
"5052","Kyocera Royal 1KG Refill Powder","2000","Kyocera","Royal Toners"
"4853","Kyocera TK-1110 Toner Cartridge","4000","Kyocera","Inks & Toner Cartridges"
"4232","Kyocera TK-1120 Toner Cartridge","4000","Kyocera","Inks & Toner Cartridges"
"4220","Kyocera TK-1130 Toner Cartridge","1500","Kyocera","Inks & Toner Cartridges"
"4717","Kyocera TK-1150 Toner Cartridge","5500","Kyocera","Inks & Toner Cartridges"
"4247","Kyocera TK-1160 Toner Cartridge","5500","Kyocera","Inks & Toner Cartridges"
"4244","Kyocera TK-1170 Toner Cartridge","5500","Kyocera","Inks & Toner Cartridges"
"4289","Kyocera TK-1242 Toner Cartridge","1800","Kyocera","Inks & Toner Cartridges"
"4223","Kyocera TK-130 Toner Cartridge","1800","Kyocera","Inks & Toner Cartridges"
"4268","Kyocera TK-3060 Toner Cartridge","2500","Kyocera","Inks & Toner Cartridges"
"4298","Kyocera TK-3110 Toner Cartridge","3500","Kyocera","Inks & Toner Cartridges"
"4214","Kyocera TK-3130 Toner Cartridge","2500","Kyocera","Inks & Toner Cartridges"
"4256","Kyocera TK-3190 Toner Cartridge","2500","Kyocera","Inks & Toner Cartridges"
"4262","Kyocera TK-340 Toner Cartridge","2500","Kyocera","Inks & Toner Cartridges"
"4238","Kyocera TK-350 Toner Cartridge","2500","Kyocera","Inks & Toner Cartridges"
"4277","Kyocera TK-360 Toner Cartridge","2800","Kyocera","Inks & Toner Cartridges"
"4838","Kyocera TK-410 Toner Cartridge","5500","Kyocera","Inks & Toner Cartridges"
"4726","Kyocera TK-4175 Toner Cartridge","3000","Kyocera","Inks & Toner Cartridges"
"4211","Kyocera TK-475 Toner Cartridge","9000","Kyocera","Inks & Toner Cartridges"
"4265","Kyocera TK-5150 Toner Cartridge","12000","Kyocera","Inks & Toner Cartridges"
"4286","Kyocera TK-5240 Toner Cartridge","6000","Kyocera","Inks & Toner Cartridges"
"4292","Kyocera TK-5270 Toner Cartridge","13000","Kyocera","Inks & Toner Cartridges"
"4295","Kyocera TK-5280 Toner Cartridge","13000","Kyocera","Inks & Toner Cartridges"
"4301","Kyocera TK-590 Toner Cartridge","9000","Kyocera","Inks & Toner Cartridges"
"4229","Kyocera TK-6115 Toner Cartridge","9000","Kyocera","Inks & Toner Cartridges"
"4729","Kyocera TK-6325 Toner Cartridge","4000","Kyocera","Inks & Toner Cartridges"
"4226","Kyocera TK-675 Toner Cartridge","10000","Kyocera","Inks & Toner Cartridges"
"4259","Kyocera TK-7105 Toner Cartridge","4500","Kyocera","Inks & Toner Cartridges"
"4271","Kyocera TK-7125 Toner Cartridge","4000","Kyocera","Inks & Toner Cartridges"
"4253","Kyocera TK-715 Toner Cartridge","5000","Kyocera","Inks & Toner Cartridges"
"4841","Kyocera TK-7205 Toner Cartridge","16000","Kyocera","Inks & Toner Cartridges"
"4274","Kyocera TK-7225 Toner Cartridge","4500","Kyocera","Inks & Toner Cartridges"
"4250","Kyocera TK-725 Toner Cartridge","5000","Kyocera","Inks & Toner Cartridges"
"4283","Kyocera TK-8325 Toner Cartridge","4000","Kyocera","Inks & Toner Cartridges"
"4280","Kyocera TK-8335 Toner Cartridge","5000","Kyocera","Inks & Toner Cartridges"
"4773","Kyocera TK-8365 Toner Cartridge","4500","Kyocera","Inks & Toner Cartridges"
"3454","Kyocera Taskalfa 2020 A4/A3 Monochrome Multifunction Printer","120000","Kyocera","Printers & Copiers"
"3452","Kyocera Taskalfa 2321 Monochrome Multifunction A3 Printer","115000","Kyocera","Printers & Copiers"
"5022","Royal 500G Kyocera Powder","1200","Kyocera","Royal Toners"
"3489","Lenovo Ideapad 3 Core I3 4GB/1TB/14""/UBUNTU Laptop","56000","Lenovo","Laptops"
"3487","Lenovo Ideapad 3 Core I5 4GB/1TB/15.6"" Laptop","65000","Lenovo","Laptops"
"4044","Mecer 650VA Line Interactive Ups (ME-650-VU)","7000","MECER","UPS"
"5275","Bizhub C220/280/360 Toner TN-216/319","3000","Other","Brother Toners"
"5285","CPI10 Ink","500","Other","Master Rolls & Inks"
"4365","CPMT21 Master Roll For Gestetner Copy Printer","1000","Other","Inks & Toner Cartridges"
"4372","Copyprinter Ink Cpi 10","450","Other","Inks & Toner Cartridges"
"5277","DX2330 Master","900","Other","Master Rolls & Inks"
"5276","DX2430 Master","1000","Other","Master Rolls & Inks"
"5260","Developer Type 26","3000","Other","Maintenance Kits & Spare Parts"
"5259","Developer Type 28","2500","Other","Maintenance Kits & Spare Parts"
"5284","F11 Ink","5000","Other","Master Rolls & Inks"
"5282","Gestetner CPMT20 Duplicator Master Paper","900","Other","Master Rolls & Inks"
"5281","Gestetner CPMT21 Cpi 10 Master Roll","900","Other","Master Rolls & Inks"
"5224","Gestetner DSM415 Black Toner Cartridge","1200","Other","Ricoh Toners"
"5223","Gestetner DSM615/DSM618 Black Toner Cartridge","1200","Other","Ricoh Toners"
"5258","Km 2050 Blade","1000","Other","Maintenance Kits & Spare Parts"
"5257","Km 2050 Drum","2000","Other","Maintenance Kits & Spare Parts"
"5256","Km 2050 Fingers","1500","Other","Maintenance Kits & Spare Parts"
"5255","Km 2050 Gear Lever","1800","Other","Maintenance Kits & Spare Parts"
"5254","Km 2050 Heatroller","1500","Other","Maintenance Kits & Spare Parts"
"5253","Km 2050 Main Motor Gear","1500","Other","Maintenance Kits & Spare Parts"
"5252","Km 2050 Pressure Roller","2000","Other","Maintenance Kits & Spare Parts"
"5251","Km 2560 Upper Fuser Roller","3000","Other","Maintenance Kits & Spare Parts"
"5250","Km 2560/300 Pick Up Rollers","1800","Other","Maintenance Kits & Spare Parts"
"5249","Km 2560/30I Drum","9500","Other","Maintenance Kits & Spare Parts"
"5248","Km 6525 Drum","9500","Other","Maintenance Kits & Spare Parts"
"5247","Mp 2000 Blade","1000","Other","Maintenance Kits & Spare Parts"
"5246","Mp 2000 Drum","1800","Other","Maintenance Kits & Spare Parts"
"5245","Mp 2000 Fingers","1500","Other","Maintenance Kits & Spare Parts"
"5244","Mp 2000 Lower Roller","2000","Other","Maintenance Kits & Spare Parts"
"5243","Mp 2000 Upper Fuser Roller","1500","Other","Maintenance Kits & Spare Parts"
"5263","Opc Drum KM-1800","3000","Other","Maintenance Kits & Spare Parts"
"5262","Opc Drum KM-2050","2500","Other","Maintenance Kits & Spare Parts"
"5261","Opc Drum MP2000","2500","Other","Maintenance Kits & Spare Parts"
"5242","Pressure Roller","2000","Other","Maintenance Kits & Spare Parts"
"5340","Rz/Rv B4 Digital Duplicator Master Paper For Rz 220","1700","Other","Riso Master Rolls & Inks"
"5272","TN-221 Compatible Toners Each","3000","Other","Brother Toners"
"5271","TN-221 Toner Cartridge Each","3000","Other","Brother Toners"
"5269","TN-321 Bizhub C224, 284, 364E C224E","3000","Other","Brother Toners"
"5274","TN210 Toner Cartridge Each","3000","Other","Brother Toners"
"5273","TN216 Tonr Original Cartridge Each","3000","Other","Brother Toners"
"5270","TN319 Toner Cartridge Each","3000","Other","Brother Toners"
"5268","TN321 Toner Cartridge Each","3000","Other","Brother Toners"
"5267","TN323 Black Toner Cartridge","3000","Other","Brother Toners"
"5266","TN323 Compatible Toner Cartridge","3000","Other","Brother Toners"
"5265","TN324/TN512 Compatible Toner Each","3000","Other","Brother Toners"
"5264","TN324/TN512 Toner Cartridge Each","3000","Other","Brother Toners"
"5241","Ta 1800 Cleaning Blade","1000","Other","Maintenance Kits & Spare Parts"
"5240","Ta 1800 Fuser Roller","2200","Other","Maintenance Kits & Spare Parts"
"5239","Taskalfa 1800 Drum","3500","Other","Maintenance Kits & Spare Parts"
"5238","Teflon Sleeve","800","Other","Maintenance Kits & Spare Parts"
"4543","Copyprinter Masters Dx 2330 A4","1100","Ricoh","Master Roll"
"5220","Ricoh Aficio MP2000 Black Toner Cartridge","1000","Ricoh","Ricoh Toners"
"4452","Ricoh Aficio MP2000 Cleaning Blade","1000","Ricoh","Printer Parts"
"5219","Ricoh Aficio MP201SPF Black Genuine Toner Cartridge","1200","Ricoh","Ricoh Toners"
"5218","Ricoh Aficio MP2500 Black Toner Cartridge","1500","Ricoh","Ricoh Toners"
"5217","Ricoh Aficio MP301SPF Black Toner Cartridge","1200","Ricoh","Ricoh Toners"
"5216","Ricoh Aficio MP3350 Black Toner Cartridge","3000","Ricoh","Ricoh Toners"
"5222","Ricoh Aficio Mp 3554 Black Toner","3000","Ricoh","Ricoh Toners"
"5221","Ricoh Aficio Mp 4002/4002SP/5002/5002SP Black Compatible","1700","Ricoh","Ricoh Toners"
"5237","Ricoh Aficio Mp C2003/3003/6003 Toners Each","4000","Ricoh","Ricoh Toners"
"5236","Ricoh Aficio Mp C2011/2003/2503 Compatible Toners Each","3000","Ricoh","Ricoh Toners"
"5235","Ricoh Aficio Mp C2050/C2550/C2030 Compatible Toners Each","2500","Ricoh","Ricoh Toners"
"5234","Ricoh Aficio Mp C2051 High Yield Toners Each","2500","Ricoh","Ricoh Toners"
"5233","Ricoh Aficio Mp C2500 Compatible Toners Each","4000","Ricoh","Ricoh Toners"
"5232","Ricoh Aficio Mp C300/400/401 Cymk Toners Cartridge Each","2700","Ricoh","Ricoh Toners"
"5231","Ricoh Aficio Mp C3000 Compatible Toners Each","4000","Ricoh","Ricoh Toners"
"5230","Ricoh Aficio Mp C4500 B/C/Y/M Toners Each","4000","Ricoh","Ricoh Toners"
"5229","Ricoh Aficio Mp C5000 Toner Cartridge Each","4000","Ricoh","Ricoh Toners"
"5228","Ricoh Aficio Mp C6003 Toner Cartridges Each","4000","Ricoh","Ricoh Toners"
"5215","Ricoh Aficio Sp 5200S Black Toner Cartridge","5000","Ricoh","Ricoh Toners"
"5214","Ricoh Aficio Type 2220D Black Toner Cartridge","1500","Ricoh","Ricoh Toners"
"4359","Ricoh DX-2330 Master Roll For Ricoh Copy Printer","1000","Ricoh","Inks & Toner Cartridges"
"5280","Ricoh DX-2330 Master Roll Ricoh Copy Printer","900","Ricoh","Master Rolls & Inks"
"5279","Ricoh DX-2430 Master Roll Copy Printer","900","Ricoh","Master Rolls & Inks"
"4362","Ricoh DX-2430 Master Roll For Ricoh Copy Printer","900","Ricoh","Inks & Toner Cartridges"
"5213","Ricoh Im 3000/3500/4000 Cymk Toner Cartridges Each","1700","Ricoh","Ricoh Toners"
"4386","Ricoh MP2500 Black Toner Cartridge","1300","Ricoh","Inks & Toner Cartridges"
"5210","Ricoh MP4500E For MP4000, MP4001, MP4002, MP5001, MP5001","1800","Ricoh","Ricoh Toners"
"4392","Ricoh MPC2503 Toner Cartridge","3300","Ricoh","Inks & Toner Cartridges"
"5212","Ricoh Mp 2501E Black Toner Cartridge","1400","Ricoh","Ricoh Toners"
"5211","Ricoh Mp 3554 Aficio Compatible Black Toner","3000","Ricoh","Ricoh Toners"
"5227","Ricoh Mp C2503 Toner For MPC2003/2503","3000","Ricoh","Ricoh Toners"
"5226","Ricoh Mp C300/400/401 Aficio Compatible Toner Cartridges Each","2700","Ricoh","Ricoh Toners"
"5225","Ricoh Mp C3000 Aficio Toners Each","4000","Ricoh","Ricoh Toners"
"4389","Ricoh Mpc 3001/3501 Toner","3000","Ricoh","Inks & Toner Cartridges"
"5349","Ricoh Priport DX-3442C Ink","5000","Ricoh","Riso Master Rolls & Inks"
"4368","Ricoh Priport Ink Dx 2430","500","Ricoh","Inks & Toner Cartridges"
"4378","Ricoh Priport Ink JP-12","500","Ricoh","Inks & Toner Cartridges"
"4677","Ricoh SP5200 Black Toner Cartridge","5000","Ricoh","Inks & Toner Cartridges"
"4680","Ricoh Sp 230 Black Toner Cartridge","2500","Ricoh","Inks & Toner Cartridges"
"5209","Ricoh Toner 1270D Black Toner Cartridge","1300","Ricoh","Ricoh Toners"
"5208","Ricoh Toner Mp 2014 Black Toner Cartridge","1400","Ricoh","Ricoh Toners"
"4381","Ricoh Toner Mp 2220D","1200","Ricoh","Inks & Toner Cartridges"
"5207","Ricoh Type 1220D Black Toner Cartridge","1400","Ricoh","Ricoh Toners"
"5206","Ricoh Type 1230D Black Toner Cartridge","1200","Ricoh","Ricoh Toners"
"4375","Cz/Cv Riso Compatible Ink","5000","Riso","Inks & Toner Cartridges"
"5347","Riso CZ100 (S-7608 A4 Master Roll Compatible For CZ100)","5000","Riso","Riso Master Rolls & Inks"
"5348","Riso Cz 100 Black Ink S-4877","5500","Riso","Riso Master Rolls & Inks"
"5278","Riso Cz A4 Master Original For CZ100 (S-7608)","5500","Riso","Master Rolls & Inks"
"5346","Riso Rz Digital Duplicator Original Ink","1700","Riso","Riso Master Rolls & Inks"
"5345","Riso Rz Type A4-L Master Standard","1800","Riso","Riso Master Rolls & Inks"
"5344","Riso S-7041E A4 Master Roll Digital Duplicator","5000","Riso","Riso Master Rolls & Inks"
"5343","Riso S-8113E Ink For Risograph Black 1000ML","5500","Riso","Riso Master Rolls & Inks"
"5342","Riso S-8131E Fii Type Duplicator Masters 2 Per Box","11000","Riso","Riso Master Rolls & Inks"
"5341","Riso S-8188E A4 Master Roll Fii Type","5500","Riso","Riso Master Rolls & Inks"
"5403","Royal 05A Black Compatible (CE505A)","1600","Royal","Royal Hp Compatible Toners"
"5402","Royal 106A Compatible Black Toners Cartridge (W1106A)","2500","Royal","Royal Hp Compatible Toners"
"5401","Royal 117A Compatible Toner Each","2500","Royal","Royal Hp Compatible Toners"
"5400","Royal 12A Black Compatible (Q2612A)","1400","Royal","Royal Hp Compatible Toners"
"5399","Royal 136A Black Compatible Toner Cartridge","2500","Royal","Royal Hp Compatible Toners"
"5398","Royal 17A Black Compatible (CF217A)","1700","Royal","Royal Hp Compatible Toners"
"5397","Royal 201A Black Compatible (CF400A)","1800","Royal","Royal Hp Compatible Toners"
"5433","Royal 201A Black Compatible (CF540A)","1800","Royal","Royal Hp Compatible Toners"
"5432","Royal 201A Cyan Compatible (CF401A)","1800","Royal","Royal Hp Compatible Toners"
"5431","Royal 201A Magneta Compatible (CF403A)","1800","Royal","Royal Hp Compatible Toners"
"5430","Royal 201A Yellow Compatible (CF402A)","1800","Royal","Royal Hp Compatible Toners"
"5429","Royal 203A Black Compatible (CF540A)","2200","Royal","Royal Hp Compatible Toners"
"5428","Royal 203A Cyan Compatible (CF541A)","2200","Royal","Royal Hp Compatible Toners"
"5427","Royal 203A Magenta Compatible (CF543A)","2200","Royal","Royal Hp Compatible Toners"
"5426","Royal 203A Yellow Compatible (CF542A)","2200","Royal","Royal Hp Compatible Toners"
"5425","Royal 26A Black Compatible (CF226A)","2200","Royal","Royal Hp Compatible Toners"
"5424","Royal 304A Compatible Toners Each","2200","Royal","Royal Hp Compatible Toners"
"5423","Royal 305A Black Compatible (CE410A)","2200","Royal","Royal Hp Compatible Toners"
"5422","Royal 305A Cyan Compatible (CE411A)","2200","Royal","Royal Hp Compatible Toners"
"5421","Royal 305A Magenta Compatible (CE413A)","2200","Royal","Royal Hp Compatible Toners"
"5420","Royal 305A Yellow Compatible (CE412A)","2200","Royal","Royal Hp Compatible Toners"
"5419","Royal 410A Yellow Compatible (CF412A)","2200","Royal","Royal Hp Compatible Toners"
"5418","Royal 415A Compatible Each Color (W2030/1/2/3)","3000","Royal","Royal Hp Compatible Toners"
"5023","Royal 44A Toner","2500","Royal","Royal Toners"
"5417","Royal 59A Black Compatible (CF259A)","3000","Royal","Royal Hp Compatible Toners"
"5416","Royal 78A Black Compatible (CE278A)","1400","Royal","Royal Hp Compatible Toners"
"5415","Royal 80A Black Compatible (CF280A)","1500","Royal","Royal Hp Compatible Toners"
"5414","Royal 83A Black Compatible (CF283A)","1400","Royal","Royal Hp Compatible Toners"
"5413","Royal 85A Black Compatible (CE285A)","1400","Royal","Royal Hp Compatible Toners"
"5412","Royal Compatible 145A","4000","Royal","Royal Hp Compatible Toners"
"5411","Royal Compatible 150A","3000","Royal","Royal Hp Compatible Toners"
"5410","Royal Compatible 151A","3500","Royal","Royal Hp Compatible Toners"
"5409","Royal Compatible 202A","4000","Royal","Royal Hp Compatible Toners"
"5408","Royal Compatible 207A","3500","Royal","Royal Hp Compatible Toners"
"5407","Royal Compatible 212A","1400","Royal","Royal Hp Compatible Toners"
"5406","Royal Compatible 216A","2500","Royal","Royal Hp Compatible Toners"
"5404","Royal Compatible 415A  BLACK","3500","Royal","Royal Hp Compatible Toners"
"5021","Royal Compatible TK-1282","2500","Royal","Royal Toners"
"3558","Royal Superior 106A (W1106A) Laserjet Toner Cartridge","2200","Royal","Inks & Toner Cartridges"
"4172","Royal Superior 107A Laserjet Toner Cartridge","2200","Royal","Inks & Toner Cartridges"
"4169","Royal Superior 117A Laserjet Toner Cartridge","3000","Royal","Inks & Toner Cartridges"
"4193","Royal Superior 125A/128A/131A Laserjet Toner Cartridge","2000","Royal","Inks & Toner Cartridges"
"3554","Royal Superior 12A Laserjet Toner Cartridge","1400","Royal","Inks & Toner Cartridges"
"4178","Royal Superior 136A Laserjet Toner Cartridge","3500","Royal","Inks & Toner Cartridges"
"4181","Royal Superior 147A (W1470A) Laserjet Toner Cartridge","4500","Royal","Inks & Toner Cartridges"
"4184","Royal Superior 151A (W1510A) Laserjet Toner Cartridge","4000","Royal","Inks & Toner Cartridges"
"4074","Royal Superior 17A Laserjet Toner Cartridge","1800","Royal","Inks & Toner Cartridges"
"4120","Royal Superior 19A Laserjet Toner Cartridge","1800","Royal","Inks & Toner Cartridges"
"4071","Royal Superior 203A Laserjet Toner Cartridge","2000","Royal","Inks & Toner Cartridges"
"4065","Royal Superior 205A Laserjet Toner Cartridge","1800","Royal","Inks & Toner Cartridges"
"4202","Royal Superior 206A Laserjet Toner Cartridge","4000","Royal","Inks & Toner Cartridges"
"4163","Royal Superior 207A Laserjet Toner Cartridge","3500","Royal","Inks & Toner Cartridges"
"4154","Royal Superior 216A Laserjet Toner Cartridge","4000","Royal","Inks & Toner Cartridges"
"4142","Royal Superior 26A Laserjet Toner Cartridge","2000","Royal","Inks & Toner Cartridges"
"4126","Royal Superior 30A Laserjet Toner Cartridge","1800","Royal","Inks & Toner Cartridges"
"4135","Royal Superior 32A Laserjet Toner Cartridge","1800","Royal","Inks & Toner Cartridges"
"3545","Royal Superior 36A Laserjet Toner Cartridge","1700","Royal","Inks & Toner Cartridges"
"4157","Royal Superior 415A Laserjet Toner Cartridge","3000","Royal","Inks & Toner Cartridges"
"3562","Royal Superior 55A Laserjet Toner Cartridge","3000","Royal","Inks & Toner Cartridges"
"3533","Royal Superior 59A Laserjet Toner Cartridge","2800","Royal","Inks & Toner Cartridges"
"4187","Royal Superior 76A (CF276A) Laserjet Toner Cartridge","4000","Royal","Inks & Toner Cartridges"
"3550","Royal Superior 78A Laserjet Toner Cartridge","1400","Royal","Inks & Toner Cartridges"
"4148","Royal Superior 79A Laserjet Toner Cartridge","1500","Royal","Inks & Toner Cartridges"
"3540","Royal Superior 83A Laserjet Toner Cartridge","1400","Royal","Inks & Toner Cartridges"
"3567","Royal Superior 88A Laserjet Toner Cartridge","1400","Royal","Inks & Toner Cartridges"
"4540","Royal Superior Laserjet Toner Cartridge 150A","3000","Royal","Inks & Toner Cartridges"
"4916","Royal Superior Laserjet Toner Cartridge 202A","3500","Royal","Inks & Toner Cartridges"
"4919","Royal Superior Laserjet Toner Cartridge 222A","4000","Royal","Inks & Toner Cartridges"
"4922","Royal Superior Laserjet Toner Cartridge 230A","4000","Royal","Inks & Toner Cartridges"
"4528","Royal Superior Laserjet Toner Cartridge 85A/35A","1700","Royal","Inks & Toner Cartridges"
"4925","Royal Superior Laserjet Toner Cartridge CRG 045/CRG 054/203A/201A","1800","Royal","Inks & Toner Cartridges"
"4932","Royal Superior Laserjet Toner Cartridge CRG-070","4000","Royal","Inks & Toner Cartridges"
"4929","Royal Superior Laserjet Toner Cartridge TNP60","7500","Royal","Inks & Toner Cartridges"
"5051","Royal TK 1110 Original Toner Cartridge","1800","Royal","Royal Toners"
"5386","Royal TK 1120 Original Toner Cartridge","1000","Royal","Royal Kyocera Compatible Toners"
"5385","Royal TK 1120 Toner Compatible Cartridge","1000","Royal","Royal Kyocera Compatible Toners"
"5384","Royal TK 1140 Black Toner Cartridge","2000","Royal","Royal Kyocera Compatible Toners"
"5383","Royal TK 1150 Black Toner Cartridge","1800","Royal","Royal Kyocera Compatible Toners"
"5382","Royal TK 1150 Compatible Black Toner Cartridge","1800","Royal","Royal Kyocera Compatible Toners"
"5381","Royal TK 1160 Black Toner Cartridge","2000","Royal","Royal Kyocera Compatible Toners"
"5380","Royal TK 1170 Black Toner Cartridge","1800","Royal","Royal Kyocera Compatible Toners"
"5018","Royal TK 1240 Black & TK 1242 Compatible Toner Cartridge","2500","Royal","Royal Toners"
"5017","Royal TK 130 Black Toner Cartridge","1800","Royal","Royal Toners"
"5016","Royal TK 170 Black Toner Cartridge","2000","Royal","Royal Toners"
"5050","Royal TK 3060 Black Toner Cartridge","2500","Royal","Royal Toners"
"5049","Royal TK 3060 Compatible Black Toner Cartridge","2500","Royal","Royal Toners"
"5015","Royal TK 3100 Black Compatible Toner Cartridge","3000","Royal","Royal Toners"
"5014","Royal TK 3130 Compatible Black Toner Cartridge","3000","Royal","Royal Toners"
"5379","Royal TK 3150 Black Toner Cartridge","3000","Royal","Royal Kyocera Compatible Toners"
"5378","Royal TK 3150 Compatible Black Toner Cartridge","3000","Royal","Royal Kyocera Compatible Toners"
"5013","Royal TK 3300Black Toner Cartridge","3000","Royal","Royal Toners"
"5396","Royal TK 340 Black Toner Laser Cartridge","7000","Royal","Royal Kyocera Compatible Toners"
"5377","Royal TK 410 Compatible Black Toner Cartridge","2500","Royal","Royal Kyocera Compatible Toners"
"5012","Royal TK 410/435 Black Toner Cartridge","2500","Royal","Royal Toners"
"5375","Royal TK 4105 Compatible Black Toner Cartridge","2500","Royal","Royal Kyocera Compatible Toners"
"5011","Royal TK 4145 Compatible Black Toner Cartridge","2500","Royal","Royal Toners"
"5009","Royal TK 4175 Black Compatible Toner","2500","Royal","Royal Toners"
"5008","Royal TK 435 Black Toner Cartridge","2500","Royal","Royal Toners"
"5007","Royal TK 435 Compatible Black Toner Cartridge","2500","Royal","Royal Toners"
"5006","Royal TK 475 Black Toner Cartridge","3000","Royal","Royal Toners"
"5005","Royal TK 475 Compatible Black Toner Cartridge","3000","Royal","Royal Toners"
"5004","Royal TK 5135 Toners Cymk Cartridges Each","4000","Royal","Royal Toners"
"5003","Royal TK 5140 Toner Cartridge Each","4000","Royal","Royal Toners"
"5048","Royal TK 5150 Compatible Toner Cartridge Each","3000","Royal","Royal Toners"
"5374","Royal TK 5230 Colors Cym Compatible Toners Each","1500","Royal","Royal Kyocera Compatible Toners"
"5395","Royal TK 5230 Genuine Toner Cartridge Each","8000","Royal","Royal Kyocera Compatible Toners"
"5373","Royal TK 5230K Compatible Black Toner","2000","Royal","Royal Kyocera Compatible Toners"
"5002","Royal TK 5240 Genuine Toner Cartridges Each","4000","Royal","Royal Toners"
"5372","Royal TK 5270 Black Toner Cartridge","3000","Royal","Royal Kyocera Compatible Toners"
"5371","Royal TK 5270 Cmy Toner Cartridge Each","3000","Royal","Royal Kyocera Compatible Toners"
"5370","Royal TK 5270 Compatible Black Toner Cartridge Each","3000","Royal","Royal Kyocera Compatible Toners"
"5369","Royal TK 5280 Black Toner Cartridge","3000","Royal","Royal Kyocera Compatible Toners"
"5368","Royal TK 5280 Compatible Toner Each","3000","Royal","Royal Kyocera Compatible Toners"
"5367","Royal TK 5280 Cym Color Toner Each","3000","Royal","Royal Kyocera Compatible Toners"
"5001","Royal TK 5370 Black Toner Cartridge","4000","Royal","Royal Toners"
"5000","Royal TK 5370 Compatible Toner Cartridge","4000","Royal","Royal Toners"
"4999","Royal TK 5370 Cym Toner Cartridge Each","4000","Royal","Royal Toners"
"5394","Royal TK 590 Compatible Toner Cartridges Each","3000","Royal","Royal Kyocera Compatible Toners"
"4998","Royal TK 590 Toner Cartridges Each","3000","Royal","Royal Toners"
"5365","Royal TK 6115 Compatible Black Toner Cartridge","3000","Royal","Royal Kyocera Compatible Toners"
"5047","Royal TK 6305 Black Toner Cartridge","4500","Royal","Royal Toners"
"5046","Royal TK 6305 Compatible Black Toner Cartridge","4500","Royal","Royal Toners"
"5364","Royal TK 6325 Toner Taskalfa 4002I 5002I 5003I 6002I","3500","Royal","Royal Kyocera Compatible Toners"
"4997","Royal TK 6345 Black Toner","4500","Royal","Royal Toners"
"5045","Royal TK 6705 Black Toner Cartridge","4500","Royal","Royal Toners"
"4996","Royal TK 6725 Toner Cartridge","10000","Royal","Royal Toners"
"4995","Royal TK 675 Black Toner Cartridge","3000","Royal","Royal Toners"
"5044","Royal TK 675 Compatible Black Toner Cartridge","4500","Royal","Royal Toners"
"5043","Royal TK 685 Black Toner Cartridge","4000","Royal","Royal Toners"
"5362","Royal TK 7105 Compatible Black Toner Cartridge","4000","Royal","Royal Kyocera Compatible Toners"
"5042","Royal TK 7125 Black Toner","4000","Royal","Royal Toners"
"4994","Royal TK 715 Black Toner Cartridge","4500","Royal","Royal Toners"
"4993","Royal TK 715 Compatible Black Toner","4500","Royal","Royal Toners"
"5361","Royal TK 7205 Black Toner Cartridge","4000","Royal","Royal Kyocera Compatible Toners"
"5360","Royal TK 7205 Compatible Black Toner Cartridge","4000","Royal","Royal Kyocera Compatible Toners"
"5041","Royal TK 7225 Black Toner","4000","Royal","Royal Toners"
"5040","Royal TK 7225 Compatible Black Toner","4000","Royal","Royal Toners"
"4992","Royal TK 7235 Black Toner Cartridge","4000","Royal","Royal Toners"
"4991","Royal TK 7235 Compatible Black Toner Cartridge","4000","Royal","Royal Toners"
"5039","Royal TK 8115 Compatible Toner Cartridge Each","4500","Royal","Royal Toners"
"5038","Royal TK 8115 Toner Cartridge Each","4500","Royal","Royal Toners"
"5037","Royal TK 8305 Black Toner Cartridge","4500","Royal","Royal Toners"
"4990","Royal TK 8305 Compatible Toners Each","4000","Royal","Royal Toners"
"5036","Royal TK 8305 Cym Black Toner Each","4500","Royal","Royal Toners"
"5035","Royal TK 8325 Black Toner Cartridge","4000","Royal","Royal Toners"
"5034","Royal TK 8325 Cmy Cartridge","4000","Royal","Royal Toners"
"5033","Royal TK 8335  black Each Toner Cartridge","4000","Royal","Royal Toners"
"5032","Royal TK 8335CMYK Compatible Toner Cartridge Each","4000","Royal","Royal Toners"
"5031","Royal TK 8345 Cym Color Toner Cartridge","4500","Royal","Royal Toners"
"5030","Royal TK 8345K Black Toner Cartridge","4500","Royal","Royal Toners"
"4989","Royal TK 8365 Compatible Black Toner","4000","Royal","Royal Toners"
"4988","Royal TK 8375 Color Toners Cmy Each","5500","Royal","Royal Toners"
"4987","Royal TK 8375K Black Toner","5500","Royal","Royal Toners"
"5393","Royal TK 8505 Compatible Toner Cartridge Each","6500","Royal","Royal Kyocera Compatible Toners"
"5392","Royal TK 8505 Toner Cartridge Each","13000","Royal","Royal Kyocera Compatible Toners"
"5391","Royal TK 8515 Compatible Toners CMYK Each","6000","Royal","Royal Kyocera Compatible Toners"
"5390","Royal TK 8515C Cyan Cartridge","16000","Royal","Royal Kyocera Compatible Toners"
"5389","Royal TK 8515K Black Cartridge","14000","Royal","Royal Kyocera Compatible Toners"
"5388","Royal TK 8515M Magenta Cartridge","16000","Royal","Royal Kyocera Compatible Toners"
"5387","Royal TK 8515Y Yellow Cartridge","16000","Royal","Royal Kyocera Compatible Toners"
"5029","Royal TK 8525 Cmy Toner Each","4000","Royal","Royal Toners"
"5028","Royal TK 8525 Compatible Toner Cartridge CMYK Each","4000","Royal","Royal Toners"
"5027","Royal TK 8525K Black Toner Catridge","4000","Royal","Royal Toners"
"5026","Royal TK 8545 Cmy Toner Each","6000","Royal","Royal Toners"
"5359","Royal TK 8545K Black Toner Cartridge","6000","Royal","Royal Kyocera Compatible Toners"
"5025","Royal TK 8555 Cym Toner Cartridge","5500","Royal","Royal Toners"
"5024","Royal TK 8555K Compatible Black Toner","5500","Royal","Royal Toners"
"5358","Royal TK 8705 Black Toner Each Cym","8000","Royal","Royal Kyocera Compatible Toners"
"4986","Royal Toner Cartridge 070","4000","Royal","Royal Toners"
"4985","Royal Toner Cartridge 407S","3500","Royal","Royal Toners"
"4984","Royal Toner Cartridge 4521","2500","Royal","Royal Toners"
"4983","Royal Toner Cartridge 85A/35A Black","1300","Royal","Royal Toners"
"4982","Royal Toner Cartridge 90A/64A","3000","Royal","Royal Toners"
"4981","Royal Toner Cartridge SP230","2200","Royal","Royal Toners"
"4980","Royal Toner Cartridge W1816A Black","2500","Royal","Royal Toners"
"4979","Royal Toner Refill Powder","1200","Royal","Royal Toners"
"4310","Samsung MLT-D101S Black Toner Cartridge","10000","Samsung","Inks & Toner Cartridges"
"4320","Samsung MLT-D103L Black Toner Cartridge","3500","Samsung","Inks & Toner Cartridges"
"4307","Samsung MLT-D105S Black Toner Cartridge","2500","Samsung","Inks & Toner Cartridges"
"4304","Samsung MLT-D108S Black Toner Cartridge","9000","Samsung","Inks & Toner Cartridges"
"4323","Samsung MLT-D109S Black Toner Cartridge","10000","Samsung","Inks & Toner Cartridges"
"4313","Samsung MLT-D111S Black Toner Cartridge","11000","Samsung","Inks & Toner Cartridges"
"4326","Samsung MLT-D203S Black Toner Cartridge","14000","Samsung","Inks & Toner Cartridges"
"4317","Samsung MLT-D305L Black Toner Cartridge","4000","Samsung","Inks & Toner Cartridges"
"5205","Sharp 202","4500","Sharp","Sharp Toners"
"5197","Sharp AR-016FT Black Toner Cartridge","4000","Sharp","Sharp Toners"
"5196","Sharp AR-201/202FT Black Toner Cartridge","4000","Sharp","Sharp Toners"
"4412","Sharp AR-310FT Toner Cartridge","3000","Sharp","Inks & Toner Cartridges"
"4409","Sharp AR-450FT Toner Cartridge","6500","Sharp","Inks & Toner Cartridges"
"5204","Sharp Ar 021","3500","Sharp","Sharp Toners"
"5203","Sharp Ar 27 Ft","4500","Sharp","Sharp Toners"
"5202","Sharp Ar 310","4000","Sharp","Sharp Toners"
"5201","Sharp Ar 312","4000","Sharp","Sharp Toners"
"5200","Sharp Ar 450","6500","Sharp","Sharp Toners"
"5199","Sharp Ar/Mx 500FT Black Toner Cartridge","4000","Sharp","Sharp Toners"
"5198","Sharp Ar/Mx 560FT Black Toner Cartridge","4000","Sharp","Sharp Toners"
"4415","Sharp MX-235FT Toner Cartridge","3500","Sharp","Inks & Toner Cartridges"
"4421","Sharp MX-237FT Toner Cartridge","4000","Sharp","Inks & Toner Cartridges"
"4418","Sharp MX-238FT Toner Cartridge","4000","Sharp","Inks & Toner Cartridges"
"5189","Sharp MX-23FT-BA Black Toner Cartridge","8000","Sharp","Sharp Toners"
"5188","Sharp MX-23FT-CA (Cyan) Ma (Magenta) Ya (Yellow) Toners Each","8000","Sharp","Sharp Toners"
"5187","Sharp MX-312FT Black Toner Cartridge","8000","Sharp","Sharp Toners"
"5186","Sharp MX-561NT Compatible Toner Cartridge","4000","Sharp","Sharp Toners"
"5195","Sharp Mx 235 Ft","3500","Sharp","Sharp Toners"
"5194","Sharp Mx 235/236FT Black Ar Toner Cartridge","3500","Sharp","Sharp Toners"
"5193","Sharp Mx 237","4000","Sharp","Sharp Toners"
"5192","Sharp Mx 238 Ft","4000","Sharp","Sharp Toners"
"5191","Sharp Mx 500","4000","Sharp","Sharp Toners"
"5190","Sharp Mx 560/561/460","4000","Sharp","Sharp Toners"
"4035","Toshiba 1TB Canvio Basics Portable External Hard Drive","9000","Toshiba","Computers & Computer Accessories > External Hard Disks"
"4032","Toshiba 2TB Canvio Basics Portable External Hard Drive","13000","Toshiba","Computers & Computer Accessories > External Hard Disks"
"4978","Toshiba T-2507P Toner Cartridge","4000","Toshiba","Toshiba Toners"
"4976","Toshiba T-5070P Black Toner Cartridge","4000","Toshiba","Toshiba Toners"
"4975","Toshiba T-5070P Compatible Black Toner Cartridge","4000","Toshiba","Toshiba Toners"
"4974","Toshiba T-5070U Toner Cartridge E-Studio","4000","Toshiba","Toshiba Toners"
"4977","Toshiba T3008P Black Toner Cartridge","4500","Toshiba","Toshiba Toners"
"4973","Toshiba Toner T-2320D E Studio 230/232/280/200L","5000","Toshiba","Toshiba Toners"
"4041","Transcend 1TB Portable External Hard Disk","9500","Transcend","Computers & Computer Accessories > External Hard Disks"
"4038","Transcend 2TB Portable External Hard Disk","14000","Transcend","Computers & Computer Accessories > External Hard Disks"
"9001","HP LaserJet Pro 2320 Printer","9000","HP","Printers & Copiers"
"9002","HP LaserJet M141a Printer","27000","HP","Printers & Copiers"
"9003","Kyocera ECOSYS FS-4125idn Printer","250000","Kyocera","Printers & Copiers"
"9004","Kyocera ECOSYS MA4000cix Printer","160000","Kyocera","Printers & Copiers"
"9005","Kyocera ECOSYS M4125idn Printer","245000","Kyocera","Printers & Copiers"
"9006","Kyocera TASKalfa MZ4000i Printer","490000","Kyocera","Printers & Copiers"
"9007","Kyocera 2020 Platen Cover","19000","Kyocera","Maintenance Kits & Spare Parts"
"9101","Kyocera ECOSYS M4125idn Printer","235000","Kyocera","Printers & Copiers"
"9102","Kyocera ECOSYS MA4000cix Printer","145000","Kyocera","Printers & Copiers"
"9103","Kyocera TASKalfa MZ4000i Printer","480000","Kyocera","Printers & Copiers"
"9104","Kyocera 2020 Platen Cover","9000","Kyocera","Maintenance Kits & Spare Parts"
"9105","Epson EB-W01 WXGA Projector","44000","Epson","Projectors"
"9106","Epson EPOS Cash Drawer ECH410","5500","Epson","Printers & Copiers"
"9107","Epson WiFi Adaptor ELPAP11","8000","Epson","Printers & Copiers"
"9108","Epson EPOS AF-250 Thermal Printer","9000","Epson","Printers & Copiers"
"9109","HP LaserJet MFP M236dw Printer","33500","HP","Printers & Copiers"
"9110","HP LaserJet MFP M236sdn Printer","36500","HP","Printers & Copiers"
"9111","HP LaserJet Enterprise M507dn Printer","65000","HP","Printers & Copiers"
"9112","HP Color LaserJet Professional CP5225dn Printer","160000","HP","Printers & Copiers"
"9113","HP Color LaserJet Pro 3203dw Printer","30000","HP","Printers & Copiers"
"9114","HP LaserJet Pro MFP 3103fdw Printer","45000","HP","Printers & Copiers"
"9115","HP ScanJet Pro 2600 f1 Scanner","38000","HP","Scanner"
"9116","HP Smart Tank 530 Printer","19700","HP","Printers & Copiers"
"9201","Kyocera ECOSYS MA4000wifx Printer",,"Kyocera","Printers & Copiers"
"9202","Kyocera ECOSYS MA2600cwfx Printer",,"Kyocera","Printers & Copiers"
"9203","Kyocera TASKalfa 8003i Printer",,"Kyocera","Printers & Copiers"
"9204","Epson LQ-690 Printer",,"Epson","Printers & Copiers"
"9205","Epson Dot Matrix LQ-350 Printer",,"Epson","Printers & Copiers"
"9206","Epson Dot Matrix LX-350 Printer",,"Epson","Printers & Copiers"
"9207","Epson EcoTank L3250 Printer",,"Epson","Printers & Copiers"
"9208","Epson EcoTank L3252 Printer",,"Epson","Printers & Copiers"
"9209","Epson EcoTank L3210 Printer",,"Epson","Printers & Copiers"
"9210","Epson EB-W55 WXGA Projector",,"Epson","Projectors"
"9211","Epson TM-T20III Thermal Printer",,"Epson","Printers & Copiers"
"9212","Epson EcoTank L8050 Photo Printer",,"Epson","Printers & Copiers"
"9213","Epson EcoTank L4260 All-in-One Printer",,"Epson","Printers & Copiers"
"9214","HP DeskJet 2320 All-in-One Printer",,"HP","Printers & Copiers"
"9215","HP LaserJet M211d Printer",,"HP","Printers & Copiers"
"9216","HP LaserJet MFP M141a Printer",,"HP","Printers & Copiers"
"9217","HP LaserJet MFP M141W Printer",,"HP","Printers & Copiers"
"9218","HP Color LaserJet Enterprise MFP M578dn Printer",,"HP","Printers & Copiers"
"9219","HP LaserJet Pro MFP 4103dw Printer",,"HP","Printers & Copiers"
"9220","HP LaserJet Pro MFP 4103fdw Printer",,"HP","Printers & Copiers"
"9221","HP LaserJet Enterprise M611dn Printer",,"HP","Printers & Copiers"
"9222","HP Color LaserJet Pro MFP 3303fdn Printer",,"HP","Printers & Copiers"
"9223","HP Color LaserJet Pro MFP 4303fdw Printer",,"HP","Printers & Copiers"
"9224","HP Color LaserJet Pro MFP 4303dw Printer",,"HP","Printers & Copiers"
"9225","HP LaserJet Pro 4003dn Printer",,"HP","Printers & Copiers"
"9226","HP LaserJet Pro 4003dw Printer",,"HP","Printers & Copiers"
"9227","HP LaserJet Pro MFP 4103fdn Printer",,"HP","Printers & Copiers"
"9228","HP OfficeJet Pro 9730 Wide Format All-in-One Printer",,"HP","Printers & Copiers"
"9229","HP Smart Tank 580 Printer",,"HP","Printers & Copiers"
"9230","HP Smart Tank 581 Printer",,"HP","Printers & Copiers"
"9231","HP Smart Tank 582 Printer",,"HP","Printers & Copiers"
"9232","HP Smart Tank 585 Printer",,"HP","Printers & Copiers"