"id","price","category"
"4051","12000","Computers & Computer Accessories > External Hard Disks"
"3473","39000","Laptops"
"3475","63000","Laptops"
"5559","1700","Brother Toners"
"5561","1700","Brother Toners"
"5560","1700","Brother Toners"
"5558","3500","Brother Toners"
"5357","3000","Brother Inks Cartridges"
"5356","3000","Brother Inks Cartridges"
"5355","3000","Brother Inks Cartridges"
"5354","3000","Brother Inks Cartridges"
"5353","3000","Brother Inks Cartridges"
"5352","3000","Brother Inks Cartridges"
"5351","3000","Brother Inks Cartridges"
"5350","3000","Brother Inks Cartridges"
"4967","2500","Brother Toners"
"5557","3500","Brother Toners"
"4968","3500","Brother Toners"
"4969","3500","Brother Toners"
"4395","11000","Inks & Toner Cartridges"
"5556","2500","Brother Toners"
"5555","3500","Brother Toners"
"5554","4000","Brother Toners"
"5553","4000","Brother Toners"
"5552","4000","Brother Toners"
"5551","4000","Brother Toners"
"5550","4000","Brother Toners"
"5549","4000","Brother Toners"
"5548","3500","Brother Toners"
"5547","3500","Brother Toners"
"5546","3500","Brother Toners"
"4403","13000","Inks & Toner Cartridges"
"5545","3500","Brother Toners"
"5544","2500","Brother Toners"
"5520","3000","Canon Toners"
"5519","3000","Canon Toners"
"5518","4000","Canon Toners"
"5517","4000","Canon Toners"
"5516","4000","Canon Toners"
"5515","4000","Canon Toners"
"5514","4000","Canon Toners"
"5509","3000","Canon Toners"
"5508","5000","Canon Toners"
"5506","5000","Canon Toners"
"5505","5000","Canon Toners"
"5504","5000","Canon Toners"
"5503","6000","Canon Toners"
"4208","2000","Inks & Toner Cartridges"
"5513","2500","Canon Toners"
"4205","2500","Inks & Toner Cartridges"
"5512","5000","Canon Toners"
"5511","5000","Canon Toners"
"5510","3000","Canon Toners"
"5543","1700","Canon Ink Cartridges"
"5542","2200","Canon Ink Cartridges"
"5541","2200","Canon Ink Cartridges"
"5540","2200","Canon Ink Cartridges"
"5539","2200","Canon Ink Cartridges"
"5538","2200","Canon Ink Cartridges"
"5537","2300","Canon Ink Cartridges"
"5536","2300","Canon Ink Cartridges"
"5535","2300","Canon Ink Cartridges"
"5534","2300","Canon Ink Cartridges"
"3442","23000","Scanner"
"4470","38000","Printers & Copiers"
"5533","2200","Canon Ink Cartridges"
"5532","2200","Canon Ink Cartridges"
"5531","2300","Canon Ink Cartridges"
"5530","3500","Canon Ink Cartridges"
"5529","3500","Canon Ink Cartridges"
"5528","3500","Canon Ink Cartridges"
"5527","3500","Canon Ink Cartridges"
"5526","3500","Canon Ink Cartridges"
"5525","3500","Canon Ink Cartridges"
"5524","3500","Canon Ink Cartridges"
"5523","3500","Canon Ink Cartridges"
"5522","3500","Canon Ink Cartridges"
"4341","2400","Inks & Toner Cartridges"
"4347","2300","Inks & Toner Cartridges"
"4334","2300","Inks & Toner Cartridges"
"4353","2400","Inks & Toner Cartridges"
"4461","29000","Printers & Copiers"
"4464","31000","Printers & Copiers"
"4467","48000","Printers & Copiers"
"4458","25000","Printers & Copiers"
"4337","2400","Inks & Toner Cartridges"
"4344","2400","Inks & Toner Cartridges"
"4350","2300","Inks & Toner Cartridges"
"4329","2300","Inks & Toner Cartridges"
"4455","9000","Printers & Copiers"
"5286","400","Master Rolls & Inks"
"4356","5000","Printer Parts"
"5521","9000","Canon Toners"
"5507","5000","Canon Toners"
"3511","36000","Monitors"
"3485","55000","Laptops"
"3482","72000","Laptops"
"3480","71000","Laptops"
"4048","8000","UPS"
"5339","2500","Epson Ribbons & Inks"
"5338","1700","Epson Ribbons & Inks"
"5337","1700","Epson Ribbons & Inks"
"5336","1700","Epson Ribbons & Inks"
"5335","400","Epson Ribbons & Inks"
"5334","1200","Epson Ribbons & Inks"
"5333","1200","Epson Ribbons & Inks"
"5332","1200","Epson Ribbons & Inks"
"5331","1200","Epson Ribbons & Inks"
"5330","3000","Epson Ribbons & Inks"
"5329","3200","Epson Ribbons & Inks"
"5328","2700","Epson Ribbons & Inks"
"5327","1200","Epson Ribbons & Inks"
"5326","1200","Epson Ribbons & Inks"
"4445","1500","Inks & Toner Cartridges"
"5325","1200","Epson Ribbons & Inks"
"5324","1200","Epson Ribbons & Inks"
"5323","400","Epson Ribbons & Inks"
"5322","1200","Epson Ribbons & Inks"
"5321","1200","Epson Ribbons & Inks"
"5320","1200","Epson Ribbons & Inks"
"5319","1200","Epson Ribbons & Inks"
"3420","95000","Projectors"
"3423","130000","Projectors"
"3414","90000","Projectors"
"3433","200000","Projectors"
"3425","120000","Projectors"
"3580","600","Inks & Toner Cartridges"
"3578","600","Inks & Toner Cartridges"
"4511","150000","Printers & Copiers"
"4496","26000","Printers & Copiers"
"4499","27000","Printers & Copiers"
"4502","48000","Printers & Copiers"
"4493","57000","Printers & Copiers"
"4505","70000","Printers & Copiers"
"4508","150000","Printers & Copiers"
"4514","70000","Printers & Copiers"
"5317","1200","Epson Ribbons & Inks"
"5316","600","Epson Ribbons & Inks"
"5315","600","Epson Ribbons & Inks"
"3576","1000","Inks & Toner Cartridges"
"5314","1000","Epson Ribbons & Inks"
"5313","1000","Epson Ribbons & Inks"
"3574","500","Inks & Toner Cartridges"
"3569","1200","Inks & Toner Cartridges"
"5312","600","Epson Ribbons & Inks"
"4517","35000","Printers & Copiers"
"3571","600","Inks & Toner Cartridges"
"3434","23000","Scanner"
"5311","1500","Epson Ribbons & Inks"
"5310","600","Epson Ribbons & Inks"
"5309","1200","Epson Ribbons & Inks"
"5308","600","Epson Ribbons & Inks"
"5318","300","Epson Ribbons & Inks"
"5283","400","Master Rolls & Inks"
"4599","7000","Inks & Toner Cartridges"
"5185","6000","HP Original Toners"
"5184","4000","HP Original Toners"
"5183","7000","HP Original Toners"
"5182","7500","HP Original Toners"
"4175","7500","Inks & Toner Cartridges"
"5181","7500","HP Original Toners"
"4793","7500","Inks & Toner Cartridges"
"5180","7500","HP Original Toners"
"5179","7500","HP Original Toners"
"5178","11000","HP Original Toners"
"5177","15000","HP Original Toners"
"5502","2800","Original Hp Ink Cartridges"
"3588","4500","Inks & Toner Cartridges"
"5501","3500","Original Hp Ink Cartridges"
"3590","4000","Inks & Toner Cartridges"
"5500","2500","Original Hp Ink Cartridges"
"3911","2700","Inks & Toner Cartridges"
"5499","3000","Original Hp Ink Cartridges"
"3914","2600","Inks & Toner Cartridges"
"5498","3500","Original Hp Ink Cartridges"
"5497","2200","Original Hp Ink Cartridges"
"5496","2200","Original Hp Ink Cartridges"
"3944","2300","Inks & Toner Cartridges"
"5176","4500","HP Original Toners"
"5175","4500","HP Original Toners"
"5174","4500","HP Original Toners"
"5173","4500","HP Original Toners"
"5172","4500","HP Original Toners"
"5171","4500","HP Original Toners"
"5170","4500","HP Original Toners"
"5169","4500","HP Original Toners"
"5168","2500","HP Original Toners"
"5167","8000","HP Original Toners"
"5166","8000","HP Original Toners"
"5165","8000","HP Original Toners"
"5164","8000","HP Original Toners"
"5495","3500","Original Hp Ink Cartridges"
"3556","6000","Inks & Toner Cartridges"
"5163","6000","HP Original Toners"
"5494","5000","Original Hp Ink Cartridges"
"5162","6500","HP Original Toners"
"5161","6500","HP Original Toners"
"5160","6500","HP Original Toners"
"5159","6500","HP Original Toners"
"4812","7000","Inks & Toner Cartridges"
"5158","7000","HP Original Toners"
"5157","7000","HP Original Toners"
"5156","7000","HP Original Toners"
"5155","7000","HP Original Toners"
"5493","3500","Original Hp Ink Cartridges"
"5154","8000","HP Original Toners"
"5153","8000","HP Original Toners"
"5152","250","HP Original Toners"
"5151","14000","HP Original Toners"
"5150","18000","HP Original Toners"
"3496","42000","Laptops"
"3501","98000","Laptops"
"4822","7500","Inks & Toner Cartridges"
"5149","7500","HP Original Toners"
"4592","13000","Inks & Toner Cartridges"
"5148","11000","HP Original Toners"
"5147","18000","HP Original Toners"
"4077","7000","Inks & Toner Cartridges"
"5146","7000","HP Original Toners"
"5145","8000","HP Original Toners"
"4123","8000","Inks & Toner Cartridges"
"3507","80000","Computers & Computer Accessories"
"4808","7500","Inks & Toner Cartridges"
"5144","7500","HP Original Toners"
"5143","8500","HP Original Toners"
"5142","7500","HP Original Toners"
"5141","7500","HP Original Toners"
"4799","7500","Inks & Toner Cartridges"
"5140","7500","HP Original Toners"
"5139","7500","HP Original Toners"
"5138","7500","HP Original Toners"
"5137","7500","HP Original Toners"
"4068","7500","Inks & Toner Cartridges"
"5136","7500","HP Original Toners"
"5135","7500","HP Original Toners"
"5134","7500","HP Original Toners"
"5133","7500","HP Original Toners"
"4166","14000","Inks & Toner Cartridges"
"5132","13000","HP Original Toners"
"5131","11500","HP Original Toners"
"5492","3800","Original Hp Ink Cartridges"
"3908","4000","Inks & Toner Cartridges"
"5130","24000","HP Original Toners"
"5129","28000","HP Original Toners"
"4796","7500","Inks & Toner Cartridges"
"5128","7500","HP Original Toners"
"5127","7500","HP Original Toners"
"5491","4000","Original Hp Ink Cartridges"
"3904","4500","Inks & Toner Cartridges"
"3495","42000","Laptops"
"3493","55000","Laptops"
"3498","95000","Laptops"
"3491","55000","Laptops"
"4145","8500","Inks & Toner Cartridges"
"5126","7800","HP Original Toners"
"5490","3300","Original Hp Ink Cartridges"
"5125","8000","HP Original Toners"
"5124","8000","HP Original Toners"
"5123","8000","HP Original Toners"
"5122","8000","HP Original Toners"
"3947","2200","Inks & Toner Cartridges"
"5489","2000","Original Hp Ink Cartridges"
"3950","2200","Inks & Toner Cartridges"
"4829","7500","Inks & Toner Cartridges"
"5121","7500","HP Original Toners"
"5120","7500","HP Original Toners"
"5119","7500","HP Original Toners"
"5117","15000","HP Original Toners"
"5118","18000","HP Original Toners"
"4129","7100","Inks & Toner Cartridges"
"5116","7100","HP Original Toners"
"4832","8000","Inks & Toner Cartridges"
"5115","8000","HP Original Toners"
"5114","8000","HP Original Toners"
"5113","8000","HP Original Toners"
"5112","8000","HP Original Toners"
"5111","9000","HP Original Toners"
"4138","7500","Inks & Toner Cartridges"
"4587","5500","Inks & Toner Cartridges"
"5110","5500","HP Original Toners"
"3548","6000","Inks & Toner Cartridges"
"5109","6000","HP Original Toners"
"4835","16000","Inks & Toner Cartridges"
"5108","16000","HP Original Toners"
"5107","7500","HP Original Toners"
"5106","7500","HP Original Toners"
"5105","7500","HP Original Toners"
"5104","7500","HP Original Toners"
"4160","10500","Inks & Toner Cartridges"
"5103","10500","HP Original Toners"
"5102","11000","HP Original Toners"
"5101","11000","HP Original Toners"
"5100","11000","HP Original Toners"
"5099","13000","HP Original Toners"
"5098","7500","HP Original Toners"
"5097","15500","HP Original Toners"
"5096","17000","HP Original Toners"
"5095","17000","HP Original Toners"
"5094","17000","HP Original Toners"
"4819","14000","Inks & Toner Cartridges"
"5093","14000","HP Original Toners"
"5092","14000","HP Original Toners"
"5091","14000","HP Original Toners"
"5090","14000","HP Original Toners"
"5088","15000","HP Original Toners"
"5089","15000","HP Original Toners"
"5087","19000","HP Original Toners"
"5086","19000","HP Original Toners"
"5085","11500","HP Original Toners"
"5084","8000","HP Original Toners"
"3565","11000","Inks & Toner Cartridges"
"5083","10000","HP Original Toners"
"5082","4000","HP Original Toners"
"3535","12000","Inks & Toner Cartridges"
"5081","11000","HP Original Toners"
"3926","4500","Inks & Toner Cartridges"
"5488","4200","Original Hp Ink Cartridges"
"5487","4300","Original Hp Ink Cartridges"
"3932","4500","Inks & Toner Cartridges"
"5486","4500","Original Hp Ink Cartridges"
"3832","4500","Inks & Toner Cartridges"
"5485","3000","Original Hp Ink Cartridges"
"3901","4300","Inks & Toner Cartridges"
"5080","18000","HP Original Toners"
"5079","18000","HP Original Toners"
"5078","18000","HP Original Toners"
"5077","18000","HP Original Toners"
"5076","18000","HP Original Toners"
"5484","2500","Original Hp Ink Cartridges"
"3820","2500","Inks & Toner Cartridges"
"5483","2300","Original Hp Ink Cartridges"
"3825","2500","Inks & Toner Cartridges"
"5075","22000","HP Original Toners"
"5074","22000","HP Original Toners"
"5073","22000","HP Original Toners"
"5072","22000","HP Original Toners"
"5482","3200","Original Hp Ink Cartridges"
"5071","22000","HP Original Toners"
"5070","27000","HP Original Toners"
"5481","2500","Original Hp Ink Cartridges"
"3953","2500","Inks & Toner Cartridges"
"5480","2400","Original Hp Ink Cartridges"
"3956","2500","Inks & Toner Cartridges"
"5479","2400","Original Hp Ink Cartridges"
"3829","3500","Inks & Toner Cartridges"
"5478","2300","Original Hp Ink Cartridges"
"5477","2300","Original Hp Ink Cartridges"
"5476","2300","Original Hp Ink Cartridges"
"5069","30500","HP Original Toners"
"5475","36500","Original Hp Ink Cartridges"
"5068","24000","HP Original Toners"
"5067","44000","HP Original Toners"
"5474","6000","Original Hp Ink Cartridges"
"5473","5000","Original Hp Ink Cartridges"
"5472","5000","Original Hp Ink Cartridges"
"5471","5000","Original Hp Ink Cartridges"
"5307","15000","Master Rolls & Inks"
"5306","15000","Master Rolls & Inks"
"5305","15000","Master Rolls & Inks"
"5304","15000","Master Rolls & Inks"
"5302","18000","Master Rolls & Inks"
"5303","18000","Master Rolls & Inks"
"5301","18000","Master Rolls & Inks"
"5300","18000","Master Rolls & Inks"
"5299","18000","Master Rolls & Inks"
"5066","17000","HP Original Toners"
"5298","18000","Master Rolls & Inks"
"3552","6000","Inks & Toner Cartridges"
"5065","6000","HP Original Toners"
"5064","9500","HP Original Toners"
"4151","9000","Inks & Toner Cartridges"
"4603","6000","Inks & Toner Cartridges"
"5063","6000","HP Original Toners"
"4781","12000","Inks & Toner Cartridges"
"5062","12000","HP Original Toners"
"5061","25000","HP Original Toners"
"5060","35000","HP Original Toners"
"5059","26000","HP Original Toners"
"5058","36000","HP Original Toners"
"3542","5500","Inks & Toner Cartridges"
"5057","6000","HP Original Toners"
"4580","6000","Inks & Toner Cartridges"
"5056","6000","HP Original Toners"
"4790","12000","Inks & Toner Cartridges"
"5055","12000","HP Original Toners"
"5054","11000","HP Original Toners"
"5470","2800","Original Hp Ink Cartridges"
"3917","4500","Inks & Toner Cartridges"
"5469","3500","Original Hp Ink Cartridges"
"3920","4500","Inks & Toner Cartridges"
"5468","3500","Original Hp Ink Cartridges"
"5467","3500","Original Hp Ink Cartridges"
"5466","3500","Original Hp Ink Cartridges"
"5465","3500","Original Hp Ink Cartridges"
"5464","3500","Original Hp Ink Cartridges"
"5463","3500","Original Hp Ink Cartridges"
"5462","3500","Original Hp Ink Cartridges"
"4787","11000","Inks & Toner Cartridges"
"5053","11000","HP Original Toners"
"3923","4000","Inks & Toner Cartridges"
"5461","7000","Original Hp Ink Cartridges"
"5460","3600","Original Hp Ink Cartridges"
"5459","3600","Original Hp Ink Cartridges"
"3962","2800","Inks & Toner Cartridges"
"5458","6500","Original Hp Ink Cartridges"
"5457","3000","Original Hp Ink Cartridges"
"5456","3500","Original Hp Ink Cartridges"
"5455","3500","Original Hp Ink Cartridges"
"5454","6500","Original Hp Ink Cartridges"
"5453","3000","Original Hp Ink Cartridges"
"5452","3000","Original Hp Ink Cartridges"
"5451","3000","Original Hp Ink Cartridges"
"5450","4500","Original Hp Ink Cartridges"
"5449","4500","Original Hp Ink Cartridges"
"5448","4500","Original Hp Ink Cartridges"
"5447","5000","Original Hp Ink Cartridges"
"3959","5000","Inks & Toner Cartridges"
"5446","7500","Original Hp Ink Cartridges"
"5445","5500","Original Hp Ink Cartridges"
"5444","5500","Original Hp Ink Cartridges"
"5443","4500","Original Hp Ink Cartridges"
"5442","4700","Original Hp Ink Cartridges"
"3938","5000","Inks & Toner Cartridges"
"5441","3700","Original Hp Ink Cartridges"
"5440","7500","Original Hp Ink Cartridges"
"5439","5500","Original Hp Ink Cartridges"
"5438","6000","Original Hp Ink Cartridges"
"5437","4500","Original Hp Ink Cartridges"
"5436","3400","Original Hp Ink Cartridges"
"5435","6500","Original Hp Ink Cartridges"
"5434","5200","Original Hp Ink Cartridges"
"5297","18000","Master Rolls & Inks"
"5296","18000","Master Rolls & Inks"
"5295","18000","Master Rolls & Inks"
"4474","65000","Printers & Copiers"
"4477","68000","Printers & Copiers"
"4480","72000","Printers & Copiers"
"4483","95000","Printers & Copiers"
"4486","120000","Printers & Copiers"
"4490","11500","Printers & Copiers"
"5294","2300","Master Rolls & Inks"
"5293","1700","Master Rolls & Inks"
"5292","1700","Master Rolls & Inks"
"5291","1700","Master Rolls & Inks"
"5290","1700","Master Rolls & Inks"
"4525","2500","Inks & Toner Cartridges"
"5289","3500","Master Rolls & Inks"
"5288","3500","Master Rolls & Inks"
"3502","27000","Monitors"
"3444","70000","Scanner"
"3504","29000","Monitors"
"5287","16000","Master Rolls & Inks"
"3584","1800","Printer Parts"
"3587","1800","Printer Parts"
"5020","600","Royal Toners"
"5019","1100","Royal Toners"
"3582","1000","Printer Parts"
"3586","1000","Printer Parts"
"4424","3000","Inks & Toner Cartridges"
"4434","2200","Inks & Toner Cartridges"
"4431","3000","Inks & Toner Cartridges"
"4427","3500","Inks & Toner Cartridges"
"4449","1000","Printer Parts"
"3471","48000","Printers & Copiers"
"3457","95000","Printers & Copiers"
"3450","145000","Printers & Copiers"
"3459","50000","Printers & Copiers"
"5052","2000","Royal Toners"
"4853","4000","Inks & Toner Cartridges"
"4232","4000","Inks & Toner Cartridges"
"4220","1500","Inks & Toner Cartridges"
"4717","5500","Inks & Toner Cartridges"
"4247","5500","Inks & Toner Cartridges"
"4244","5500","Inks & Toner Cartridges"
"4289","1800","Inks & Toner Cartridges"
"4223","1800","Inks & Toner Cartridges"
"4268","2500","Inks & Toner Cartridges"
"4298","3500","Inks & Toner Cartridges"
"4214","2500","Inks & Toner Cartridges"
"4256","2500","Inks & Toner Cartridges"
"4262","2500","Inks & Toner Cartridges"
"4238","2500","Inks & Toner Cartridges"
"4277","2800","Inks & Toner Cartridges"
"4838","5500","Inks & Toner Cartridges"
"4726","3000","Inks & Toner Cartridges"
"4211","9000","Inks & Toner Cartridges"
"4265","12000","Inks & Toner Cartridges"
"4286","6000","Inks & Toner Cartridges"
"4292","13000","Inks & Toner Cartridges"
"4295","13000","Inks & Toner Cartridges"
"4301","9000","Inks & Toner Cartridges"
"4229","9000","Inks & Toner Cartridges"
"4729","4000","Inks & Toner Cartridges"
"4226","10000","Inks & Toner Cartridges"
"4259","4500","Inks & Toner Cartridges"
"4271","4000","Inks & Toner Cartridges"
"4253","5000","Inks & Toner Cartridges"
"4841","16000","Inks & Toner Cartridges"
"4274","4500","Inks & Toner Cartridges"
"4250","5000","Inks & Toner Cartridges"
"4283","4000","Inks & Toner Cartridges"
"4280","5000","Inks & Toner Cartridges"
"4773","4500","Inks & Toner Cartridges"
"3454","120000","Printers & Copiers"
"3452","115000","Printers & Copiers"
"5022","1200","Royal Toners"
"3489","56000","Laptops"
"3487","65000","Laptops"
"4044","7000","UPS"
"5275","3000","Brother Toners"
"5285","500","Master Rolls & Inks"
"4365","1000","Inks & Toner Cartridges"
"4372","450","Inks & Toner Cartridges"
"5277","900","Master Rolls & Inks"
"5276","1000","Master Rolls & Inks"
"5260","3000","Maintenance Kits & Spare Parts"
"5259","2500","Maintenance Kits & Spare Parts"
"5284","5000","Master Rolls & Inks"
"5282","900","Master Rolls & Inks"
"5281","900","Master Rolls & Inks"
"5224","1200","Ricoh Toners"
"5223","1200","Ricoh Toners"
"5258","1000","Maintenance Kits & Spare Parts"
"5257","2000","Maintenance Kits & Spare Parts"
"5256","1500","Maintenance Kits & Spare Parts"
"5255","1800","Maintenance Kits & Spare Parts"
"5254","1500","Maintenance Kits & Spare Parts"
"5253","1500","Maintenance Kits & Spare Parts"
"5252","2000","Maintenance Kits & Spare Parts"
"5251","3000","Maintenance Kits & Spare Parts"
"5250","1800","Maintenance Kits & Spare Parts"
"5249","9500","Maintenance Kits & Spare Parts"
"5248","9500","Maintenance Kits & Spare Parts"
"5247","1000","Maintenance Kits & Spare Parts"
"5246","1800","Maintenance Kits & Spare Parts"
"5245","1500","Maintenance Kits & Spare Parts"
"5244","2000","Maintenance Kits & Spare Parts"
"5243","1500","Maintenance Kits & Spare Parts"
"5263","3000","Maintenance Kits & Spare Parts"
"5262","2500","Maintenance Kits & Spare Parts"
"5261","2500","Maintenance Kits & Spare Parts"
"5242","2000","Maintenance Kits & Spare Parts"
"5340","1700","Riso Master Rolls & Inks"
"5272","3000","Brother Toners"
"5271","3000","Brother Toners"
"5269","3000","Brother Toners"
"5274","3000","Brother Toners"
"5273","3000","Brother Toners"
"5270","3000","Brother Toners"
"5268","3000","Brother Toners"
"5267","3000","Brother Toners"
"5266","3000","Brother Toners"
"5265","3000","Brother Toners"
"5264","3000","Brother Toners"
"5241","1000","Maintenance Kits & Spare Parts"
"5240","2200","Maintenance Kits & Spare Parts"
"5239","3500","Maintenance Kits & Spare Parts"
"5238","800","Maintenance Kits & Spare Parts"
"4543","1100","Master Roll"
"5220","1000","Ricoh Toners"
"4452","1000","Printer Parts"
"5219","1200","Ricoh Toners"
"5218","1500","Ricoh Toners"
"5217","1200","Ricoh Toners"
"5216","3000","Ricoh Toners"
"5222","3000","Ricoh Toners"
"5221","1700","Ricoh Toners"
"5237","4000","Ricoh Toners"
"5236","3000","Ricoh Toners"
"5235","2500","Ricoh Toners"
"5234","2500","Ricoh Toners"
"5233","4000","Ricoh Toners"
"5232","2700","Ricoh Toners"
"5231","4000","Ricoh Toners"
"5230","4000","Ricoh Toners"
"5229","4000","Ricoh Toners"
"5228","4000","Ricoh Toners"
"5215","5000","Ricoh Toners"
"5214","1500","Ricoh Toners"
"4359","1000","Inks & Toner Cartridges"
"5280","900","Master Rolls & Inks"
"5279","900","Master Rolls & Inks"
"4362","900","Inks & Toner Cartridges"
"5213","1700","Ricoh Toners"
"4386","1300","Inks & Toner Cartridges"
"5210","1800","Ricoh Toners"
"4392","3300","Inks & Toner Cartridges"
"5212","1400","Ricoh Toners"
"5211","3000","Ricoh Toners"
"5227","3000","Ricoh Toners"
"5226","2700","Ricoh Toners"
"5225","4000","Ricoh Toners"
"4389","3000","Inks & Toner Cartridges"
"5349","5000","Riso Master Rolls & Inks"
"4368","500","Inks & Toner Cartridges"
"4378","500","Inks & Toner Cartridges"
"4677","5000","Inks & Toner Cartridges"
"4680","2500","Inks & Toner Cartridges"
"5209","1300","Ricoh Toners"
"5208","1400","Ricoh Toners"
"4381","1200","Inks & Toner Cartridges"
"5207","1400","Ricoh Toners"
"5206","1200","Ricoh Toners"
"4375","5000","Inks & Toner Cartridges"
"5347","5000","Riso Master Rolls & Inks"
"5348","5500","Riso Master Rolls & Inks"
"5278","5500","Master Rolls & Inks"
"5346","1700","Riso Master Rolls & Inks"
"5345","1800","Riso Master Rolls & Inks"
"5344","5000","Riso Master Rolls & Inks"
"5343","5500","Riso Master Rolls & Inks"
"5342","11000","Riso Master Rolls & Inks"
"5341","5500","Riso Master Rolls & Inks"
"5403","1600","Royal Hp Compatible Toners"
"5402","2500","Royal Hp Compatible Toners"
"5401","2500","Royal Hp Compatible Toners"
"5400","1400","Royal Hp Compatible Toners"
"5399","2500","Royal Hp Compatible Toners"
"5398","1700","Royal Hp Compatible Toners"
"5397","1800","Royal Hp Compatible Toners"
"5433","1800","Royal Hp Compatible Toners"
"5432","1800","Royal Hp Compatible Toners"
"5431","1800","Royal Hp Compatible Toners"
"5430","1800","Royal Hp Compatible Toners"
"5429","2200","Royal Hp Compatible Toners"
"5428","2200","Royal Hp Compatible Toners"
"5427","2200","Royal Hp Compatible Toners"
"5426","2200","Royal Hp Compatible Toners"
"5425","2200","Royal Hp Compatible Toners"
"5424","2200","Royal Hp Compatible Toners"
"5423","2200","Royal Hp Compatible Toners"
"5422","2200","Royal Hp Compatible Toners"
"5421","2200","Royal Hp Compatible Toners"
"5420","2200","Royal Hp Compatible Toners"
"5419","2200","Royal Hp Compatible Toners"
"5418","3000","Royal Hp Compatible Toners"
"5023","2500","Royal Toners"
"5417","3000","Royal Hp Compatible Toners"
"5416","1400","Royal Hp Compatible Toners"
"5415","1500","Royal Hp Compatible Toners"
"5414","1400","Royal Hp Compatible Toners"
"5413","1400","Royal Hp Compatible Toners"
"5412","4000","Royal Hp Compatible Toners"
"5411","3000","Royal Hp Compatible Toners"
"5410","3500","Royal Hp Compatible Toners"
"5409","4000","Royal Hp Compatible Toners"
"5408","3500","Royal Hp Compatible Toners"
"5407","1400","Royal Hp Compatible Toners"
"5406","2500","Royal Hp Compatible Toners"
"5404","3500","Royal Hp Compatible Toners"
"5021","2500","Royal Toners"
"3558","2200","Inks & Toner Cartridges"
"4172","2200","Inks & Toner Cartridges"
"4169","3000","Inks & Toner Cartridges"
"4193","2000","Inks & Toner Cartridges"
"3554","1400","Inks & Toner Cartridges"
"4178","3500","Inks & Toner Cartridges"
"4181","4500","Inks & Toner Cartridges"
"4184","4000","Inks & Toner Cartridges"
"4074","1800","Inks & Toner Cartridges"
"4120","1800","Inks & Toner Cartridges"
"4071","2000","Inks & Toner Cartridges"
"4065","1800","Inks & Toner Cartridges"
"4202","4000","Inks & Toner Cartridges"
"4163","3500","Inks & Toner Cartridges"
"4154","4000","Inks & Toner Cartridges"
"4142","2000","Inks & Toner Cartridges"
"4126","1800","Inks & Toner Cartridges"
"4135","1800","Inks & Toner Cartridges"
"3545","1700","Inks & Toner Cartridges"
"4157","3000","Inks & Toner Cartridges"
"3562","3000","Inks & Toner Cartridges"
"3533","2800","Inks & Toner Cartridges"
"4187","4000","Inks & Toner Cartridges"
"3550","1400","Inks & Toner Cartridges"
"4148","1500","Inks & Toner Cartridges"
"3540","1400","Inks & Toner Cartridges"
"3567","1400","Inks & Toner Cartridges"
"4540","3000","Inks & Toner Cartridges"
"4916","3500","Inks & Toner Cartridges"
"4919","4000","Inks & Toner Cartridges"
"4922","4000","Inks & Toner Cartridges"
"4528","1700","Inks & Toner Cartridges"
"4925","1800","Inks & Toner Cartridges"
"4932","4000","Inks & Toner Cartridges"
"4929","7500","Inks & Toner Cartridges"
"5051","1800","Royal Toners"
"5386","1000","Royal Kyocera Compatible Toners"
"5385","1000","Royal Kyocera Compatible Toners"
"5384","2000","Royal Kyocera Compatible Toners"
"5383","1800","Royal Kyocera Compatible Toners"
"5382","1800","Royal Kyocera Compatible Toners"
"5381","2000","Royal Kyocera Compatible Toners"
"5380","1800","Royal Kyocera Compatible Toners"
"5018","2500","Royal Toners"
"5017","1800","Royal Toners"
"5016","2000","Royal Toners"
"5050","2500","Royal Toners"
"5049","2500","Royal Toners"
"5015","3000","Royal Toners"
"5014","3000","Royal Toners"
"5379","3000","Royal Kyocera Compatible Toners"
"5378","3000","Royal Kyocera Compatible Toners"
"5013","3000","Royal Toners"
"5396","7000","Royal Kyocera Compatible Toners"
"5377","2500","Royal Kyocera Compatible Toners"
"5012","2500","Royal Toners"
"5375","2500","Royal Kyocera Compatible Toners"
"5011","2500","Royal Toners"
"5009","2500","Royal Toners"
"5008","2500","Royal Toners"
"5007","2500","Royal Toners"
"5006","3000","Royal Toners"
"5005","3000","Royal Toners"
"5004","4000","Royal Toners"
"5003","4000","Royal Toners"
"5048","3000","Royal Toners"
"5374","1500","Royal Kyocera Compatible Toners"
"5395","8000","Royal Kyocera Compatible Toners"
"5373","2000","Royal Kyocera Compatible Toners"
"5002","4000","Royal Toners"
"5372","3000","Royal Kyocera Compatible Toners"
"5371","3000","Royal Kyocera Compatible Toners"
"5370","3000","Royal Kyocera Compatible Toners"
"5369","3000","Royal Kyocera Compatible Toners"
"5368","3000","Royal Kyocera Compatible Toners"
"5367","3000","Royal Kyocera Compatible Toners"
"5001","4000","Royal Toners"
"5000","4000","Royal Toners"
"4999","4000","Royal Toners"
"5394","3000","Royal Kyocera Compatible Toners"
"4998","3000","Royal Toners"
"5365","3000","Royal Kyocera Compatible Toners"
"5047","4500","Royal Toners"
"5046","4500","Royal Toners"
"5364","3500","Royal Kyocera Compatible Toners"
"4997","4500","Royal Toners"
"5045","4500","Royal Toners"
"4996","10000","Royal Toners"
"4995","3000","Royal Toners"
"5044","4500","Royal Toners"
"5043","4000","Royal Toners"
"5362","4000","Royal Kyocera Compatible Toners"
"5042","4000","Royal Toners"
"4994","4500","Royal Toners"
"4993","4500","Royal Toners"
"5361","4000","Royal Kyocera Compatible Toners"
"5360","4000","Royal Kyocera Compatible Toners"
"5041","4000","Royal Toners"
"5040","4000","Royal Toners"
"4992","4000","Royal Toners"
"4991","4000","Royal Toners"
"5039","4500","Royal Toners"
"5038","4500","Royal Toners"
"5037","4500","Royal Toners"
"4990","4000","Royal Toners"
"5036","4500","Royal Toners"
"5035","4000","Royal Toners"
"5034","4000","Royal Toners"
"5033","4000","Royal Toners"
"5032","4000","Royal Toners"
"5031","4500","Royal Toners"
"5030","4500","Royal Toners"
"4989","4000","Royal Toners"
"4988","5500","Royal Toners"
"4987","5500","Royal Toners"
"5393","6500","Royal Kyocera Compatible Toners"
"5392","13000","Royal Kyocera Compatible Toners"
"5391","6000","Royal Kyocera Compatible Toners"
"5390","16000","Royal Kyocera Compatible Toners"
"5389","14000","Royal Kyocera Compatible Toners"
"5388","16000","Royal Kyocera Compatible Toners"
"5387","16000","Royal Kyocera Compatible Toners"
"5029","4000","Royal Toners"
"5028","4000","Royal Toners"
"5027","4000","Royal Toners"
"5026","6000","Royal Toners"
"5359","6000","Royal Kyocera Compatible Toners"
"5025","5500","Royal Toners"
"5024","5500","Royal Toners"
"5358","8000","Royal Kyocera Compatible Toners"
"4986","4000","Royal Toners"
"4985","3500","Royal Toners"
"4984","2500","Royal Toners"
"4983","1300","Royal Toners"
"4982","3000","Royal Toners"
"4981","2200","Royal Toners"
"4980","2500","Royal Toners"
"4979","1200","Royal Toners"
"4310","10000","Inks & Toner Cartridges"
"4320","3500","Inks & Toner Cartridges"
"4307","2500","Inks & Toner Cartridges"
"4304","9000","Inks & Toner Cartridges"
"4323","10000","Inks & Toner Cartridges"
"4313","11000","Inks & Toner Cartridges"
"4326","14000","Inks & Toner Cartridges"
"4317","4000","Inks & Toner Cartridges"
"5205","4500","Sharp Toners"
"5197","4000","Sharp Toners"
"5196","4000","Sharp Toners"
"4412","3000","Inks & Toner Cartridges"
"4409","6500","Inks & Toner Cartridges"
"5204","3500","Sharp Toners"
"5203","4500","Sharp Toners"
"5202","4000","Sharp Toners"
"5201","4000","Sharp Toners"
"5200","6500","Sharp Toners"
"5199","4000","Sharp Toners"
"5198","4000","Sharp Toners"
"4415","3500","Inks & Toner Cartridges"
"4421","4000","Inks & Toner Cartridges"
"4418","4000","Inks & Toner Cartridges"
"5189","8000","Sharp Toners"
"5188","8000","Sharp Toners"
"5187","8000","Sharp Toners"
"5186","4000","Sharp Toners"
"5195","3500","Sharp Toners"
"5194","3500","Sharp Toners"
"5193","4000","Sharp Toners"
"5192","4000","Sharp Toners"
"5191","4000","Sharp Toners"
"5190","4000","Sharp Toners"
"4035","9000","Computers & Computer Accessories > External Hard Disks"
"4032","13000","Computers & Computer Accessories > External Hard Disks"
"4978","4000","Toshiba Toners"
"4976","4000","Toshiba Toners"
"4975","4000","Toshiba Toners"
"4974","4000","Toshiba Toners"
"4977","4500","Toshiba Toners"
"4973","5000","Toshiba Toners"
"4041","9500","Computers & Computer Accessories > External Hard Disks"
"4038","14000","Computers & Computer Accessories > External Hard Disks"
"9001","9000","Printers & Copiers"
"9002","27000","Printers & Copiers"
"9003","250000","Printers & Copiers"
"9004","160000","Printers & Copiers"
"9005","245000","Printers & Copiers"
"9006","490000","Printers & Copiers"
"9007","19000","Maintenance Kits & Spare Parts"
"9101","235000","Printers & Copiers"
"9102","145000","Printers & Copiers"
"9103","480000","Printers & Copiers"
"9104","9000","Maintenance Kits & Spare Parts"
"9105","44000","Projectors"
"9106","5500","Printers & Copiers"
"9107","8000","Printers & Copiers"
"9108","9000","Printers & Copiers"
"9109","33500","Printers & Copiers"
"9110","36500","Printers & Copiers"
"9111","65000","Printers & Copiers"
"9112","160000","Printers & Copiers"
"9113","30000","Printers & Copiers"
"9114","45000","Printers & Copiers"
"9115","38000","Scanner"
"9116","19700","Printers & Copiers"
"9201",,"Printers & Copiers"
"9202",,"Printers & Copiers"
"9203",,"Printers & Copiers"
"9204",,"Printers & Copiers"
"9205",,"Printers & Copiers"
"9206",,"Printers & Copiers"
"9207",,"Printers & Copiers"
"9208",,"Printers & Copiers"
"9209",,"Printers & Copiers"
"9210",,"Projectors"
"9211",,"Printers & Copiers"
"9212",,"Printers & Copiers"
"9213",,"Printers & Copiers"
"9214",,"Printers & Copiers"
"9215",,"Printers & Copiers"
"9216",,"Printers & Copiers"
"9217",,"Printers & Copiers"
"9218",,"Printers & Copiers"
"9219",,"Printers & Copiers"
"9220",,"Printers & Copiers"
"9221",,"Printers & Copiers"
"9222",,"Printers & Copiers"
"9223",,"Printers & Copiers"
"9224",,"Printers & Copiers"
"9225",,"Printers & Copiers"
"9226",,"Printers & Copiers"
"9227",,"Printers & Copiers"
"9228",,"Printers & Copiers"
"9229",,"Printers & Copiers"
"9230",,"Printers & Copiers"
"9231",,"Printers & Copiers"
"9232",,"Printers & Copiers"